Formatted_DATE,Settlement Point Price
2019-01-01 01:00:00,20.49
2019-01-01 02:00:00,19.81
2019-01-01 03:00:00,19.58
2019-01-01 04:00:00,19.23
2019-01-01 05:00:00,21.23
2019-01-01 06:00:00,22.58
2019-01-01 07:00:00,23.97
2019-01-01 08:00:00,24.55
2019-01-01 09:00:00,24.91
2019-01-01 10:00:00,24.69
2019-01-01 11:00:00,24.62
2019-01-01 12:00:00,25.34
2019-01-01 13:00:00,24.18
2019-01-01 14:00:00,22.89
2019-01-01 15:00:00,22.88
2019-01-01 16:00:00,22.77
2019-01-01 17:00:00,23.68
2019-01-01 18:00:00,31.21
2019-01-01 19:00:00,35.35
2019-01-01 20:00:00,30.75
2019-01-01 21:00:00,28.83
2019-01-01 22:00:00,27.19
2019-01-01 23:00:00,25.39
2019-01-02 00:00:00,23.88
2019-01-02 01:00:00,23.8
2019-01-02 02:00:00,23.19
2019-01-02 03:00:00,23.22
2019-01-02 04:00:00,22.92
2019-01-02 05:00:00,25.09
2019-01-02 06:00:00,28.65
2019-01-02 07:00:00,39.13
2019-01-02 08:00:00,38.94
2019-01-02 09:00:00,36.24
2019-01-02 10:00:00,39.65
2019-01-02 11:00:00,40.24
2019-01-02 12:00:00,37.26
2019-01-02 13:00:00,34.52
2019-01-02 14:00:00,34.85
2019-01-02 15:00:00,34.85
2019-01-02 16:00:00,34.55
2019-01-02 17:00:00,36.34
2019-01-02 18:00:00,64.61
2019-01-02 19:00:00,66.57
2019-01-02 20:00:00,40.82
2019-01-02 21:00:00,40.0
2019-01-02 22:00:00,35.27
2019-01-02 23:00:00,31.37
2019-01-03 00:00:00,26.31
2019-01-03 01:00:00,26.48
2019-01-03 02:00:00,24.19
2019-01-03 03:00:00,24.75
2019-01-03 04:00:00,24.3
2019-01-03 05:00:00,24.75
2019-01-03 06:00:00,30.0
2019-01-03 07:00:00,54.87
2019-01-03 08:00:00,40.02
2019-01-03 09:00:00,35.67
2019-01-03 10:00:00,36.6
2019-01-03 11:00:00,33.11
2019-01-03 12:00:00,30.35
2019-01-03 13:00:00,27.8
2019-01-03 14:00:00,26.78
2019-01-03 15:00:00,23.98
2019-01-03 16:00:00,24.6
2019-01-03 17:00:00,27.11
2019-01-03 18:00:00,41.09
2019-01-03 19:00:00,44.39
2019-01-03 20:00:00,34.42
2019-01-03 21:00:00,33.42
2019-01-03 22:00:00,29.81
2019-01-03 23:00:00,27.0
2019-01-04 00:00:00,23.52
2019-01-04 01:00:00,22.1
2019-01-04 02:00:00,22.11
2019-01-04 03:00:00,21.21
2019-01-04 04:00:00,21.95
2019-01-04 05:00:00,23.0
2019-01-04 06:00:00,28.19
2019-01-04 07:00:00,55.0
2019-01-04 08:00:00,45.95
2019-01-04 09:00:00,35.72
2019-01-04 10:00:00,31.38
2019-01-04 11:00:00,28.49
2019-01-04 12:00:00,26.0
2019-01-04 13:00:00,23.57
2019-01-04 14:00:00,22.95
2019-01-04 15:00:00,21.62
2019-01-04 16:00:00,21.0
2019-01-04 17:00:00,22.52
2019-01-04 18:00:00,34.39
2019-01-04 19:00:00,31.87
2019-01-04 20:00:00,26.13
2019-01-04 21:00:00,26.43
2019-01-04 22:00:00,27.05
2019-01-04 23:00:00,24.09
2019-01-05 00:00:00,22.55
2019-01-05 01:00:00,21.2
2019-01-05 02:00:00,20.01
2019-01-05 03:00:00,19.84
2019-01-05 04:00:00,19.42
2019-01-05 05:00:00,20.57
2019-01-05 06:00:00,22.57
2019-01-05 07:00:00,25.55
2019-01-05 08:00:00,28.82
2019-01-05 09:00:00,30.94
2019-01-05 10:00:00,29.91
2019-01-05 11:00:00,24.79
2019-01-05 12:00:00,23.03
2019-01-05 13:00:00,22.67
2019-01-05 14:00:00,21.55
2019-01-05 15:00:00,20.2
2019-01-05 16:00:00,19.48
2019-01-05 17:00:00,19.51
2019-01-05 18:00:00,23.82
2019-01-05 19:00:00,21.51
2019-01-05 20:00:00,19.56
2019-01-05 21:00:00,18.98
2019-01-05 22:00:00,17.72
2019-01-05 23:00:00,19.08
2019-01-06 00:00:00,16.75
2019-01-06 01:00:00,16.85
2019-01-06 02:00:00,16.01
2019-01-06 03:00:00,16.19
2019-01-06 04:00:00,16.24
2019-01-06 05:00:00,18.08
2019-01-06 06:00:00,18.9
2019-01-06 07:00:00,17.0
2019-01-06 08:00:00,18.82
2019-01-06 09:00:00,21.66
2019-01-06 10:00:00,21.64
2019-01-06 11:00:00,19.28
2019-01-06 12:00:00,17.9
2019-01-06 13:00:00,17.05
2019-01-06 14:00:00,16.46
2019-01-06 15:00:00,15.85
2019-01-06 16:00:00,15.58
2019-01-06 17:00:00,16.16
2019-01-06 18:00:00,20.98
2019-01-06 19:00:00,20.7
2019-01-06 20:00:00,18.8
2019-01-06 21:00:00,16.76
2019-01-06 22:00:00,16.28
2019-01-06 23:00:00,16.31
2019-01-07 00:00:00,16.46
2019-01-07 01:00:00,11.4
2019-01-07 02:00:00,11.0
2019-01-07 03:00:00,11.96
2019-01-07 04:00:00,12.01
2019-01-07 05:00:00,15.3
2019-01-07 06:00:00,18.7
2019-01-07 07:00:00,18.18
2019-01-07 08:00:00,20.99
2019-01-07 09:00:00,21.5
2019-01-07 10:00:00,22.11
2019-01-07 11:00:00,21.9
2019-01-07 12:00:00,22.21
2019-01-07 13:00:00,22.75
2019-01-07 14:00:00,22.95
2019-01-07 15:00:00,22.24
2019-01-07 16:00:00,22.21
2019-01-07 17:00:00,22.37
2019-01-07 18:00:00,39.81
2019-01-07 19:00:00,31.11
2019-01-07 20:00:00,22.4
2019-01-07 21:00:00,21.85
2019-01-07 22:00:00,21.79
2019-01-07 23:00:00,20.5
2019-01-08 00:00:00,18.49
2019-01-08 01:00:00,15.54
2019-01-08 02:00:00,15.31
2019-01-08 03:00:00,15.46
2019-01-08 04:00:00,16.9
2019-01-08 05:00:00,17.96
2019-01-08 06:00:00,20.91
2019-01-08 07:00:00,23.55
2019-01-08 08:00:00,26.42
2019-01-08 09:00:00,24.95
2019-01-08 10:00:00,22.01
2019-01-08 11:00:00,22.51
2019-01-08 12:00:00,20.61
2019-01-08 13:00:00,21.37
2019-01-08 14:00:00,21.74
2019-01-08 15:00:00,21.49
2019-01-08 16:00:00,21.13
2019-01-08 17:00:00,21.73
2019-01-08 18:00:00,41.2
2019-01-08 19:00:00,32.27
2019-01-08 20:00:00,25.4
2019-01-08 21:00:00,24.6
2019-01-08 22:00:00,25.05
2019-01-08 23:00:00,22.0
2019-01-09 00:00:00,21.25
2019-01-09 01:00:00,19.19
2019-01-09 02:00:00,18.57
2019-01-09 03:00:00,19.33
2019-01-09 04:00:00,19.03
2019-01-09 05:00:00,20.61
2019-01-09 06:00:00,21.6
2019-01-09 07:00:00,33.62
2019-01-09 08:00:00,29.16
2019-01-09 09:00:00,25.66
2019-01-09 10:00:00,25.81
2019-01-09 11:00:00,22.99
2019-01-09 12:00:00,22.11
2019-01-09 13:00:00,21.55
2019-01-09 14:00:00,20.61
2019-01-09 15:00:00,19.95
2019-01-09 16:00:00,19.9
2019-01-09 17:00:00,20.65
2019-01-09 18:00:00,29.02
2019-01-09 19:00:00,31.07
2019-01-09 20:00:00,23.72
2019-01-09 21:00:00,23.77
2019-01-09 22:00:00,23.4
2019-01-09 23:00:00,22.02
2019-01-10 00:00:00,20.79
2019-01-10 01:00:00,17.6
2019-01-10 02:00:00,17.22
2019-01-10 03:00:00,16.88
2019-01-10 04:00:00,17.51
2019-01-10 05:00:00,18.32
2019-01-10 06:00:00,20.24
2019-01-10 07:00:00,35.82
2019-01-10 08:00:00,27.14
2019-01-10 09:00:00,22.98
2019-01-10 10:00:00,21.77
2019-01-10 11:00:00,20.98
2019-01-10 12:00:00,20.07
2019-01-10 13:00:00,19.5
2019-01-10 14:00:00,19.41
2019-01-10 15:00:00,18.56
2019-01-10 16:00:00,18.3
2019-01-10 17:00:00,19.05
2019-01-10 18:00:00,25.38
2019-01-10 19:00:00,23.48
2019-01-10 20:00:00,19.94
2019-01-10 21:00:00,19.41
2019-01-10 22:00:00,19.45
2019-01-10 23:00:00,18.07
2019-01-11 00:00:00,16.71
2019-01-11 01:00:00,15.76
2019-01-11 02:00:00,16.03
2019-01-11 03:00:00,15.86
2019-01-11 04:00:00,15.76
2019-01-11 05:00:00,17.82
2019-01-11 06:00:00,18.55
2019-01-11 07:00:00,21.87
2019-01-11 08:00:00,21.18
2019-01-11 09:00:00,20.23
2019-01-11 10:00:00,19.77
2019-01-11 11:00:00,19.57
2019-01-11 12:00:00,18.9
2019-01-11 13:00:00,18.0
2019-01-11 14:00:00,18.02
2019-01-11 15:00:00,17.76
2019-01-11 16:00:00,19.08
2019-01-11 17:00:00,19.49
2019-01-11 18:00:00,27.98
2019-01-11 19:00:00,27.66
2019-01-11 20:00:00,23.06
2019-01-11 21:00:00,20.99
2019-01-11 22:00:00,21.14
2019-01-11 23:00:00,18.98
2019-01-12 00:00:00,19.01
2019-01-12 01:00:00,19.5
2019-01-12 02:00:00,18.42
2019-01-12 03:00:00,17.55
2019-01-12 04:00:00,17.19
2019-01-12 05:00:00,18.03
2019-01-12 06:00:00,17.34
2019-01-12 07:00:00,18.11
2019-01-12 08:00:00,19.0
2019-01-12 09:00:00,19.62
2019-01-12 10:00:00,19.79
2019-01-12 11:00:00,18.62
2019-01-12 12:00:00,18.77
2019-01-12 13:00:00,19.24
2019-01-12 14:00:00,19.81
2019-01-12 15:00:00,20.62
2019-01-12 16:00:00,20.51
2019-01-12 17:00:00,21.28
2019-01-12 18:00:00,30.18
2019-01-12 19:00:00,37.52
2019-01-12 20:00:00,30.12
2019-01-12 21:00:00,28.2
2019-01-12 22:00:00,26.62
2019-01-12 23:00:00,22.44
2019-01-13 00:00:00,21.56
2019-01-13 01:00:00,22.93
2019-01-13 02:00:00,21.87
2019-01-13 03:00:00,22.38
2019-01-13 04:00:00,22.06
2019-01-13 05:00:00,23.77
2019-01-13 06:00:00,24.91
2019-01-13 07:00:00,26.07
2019-01-13 08:00:00,29.16
2019-01-13 09:00:00,35.75
2019-01-13 10:00:00,33.0
2019-01-13 11:00:00,30.77
2019-01-13 12:00:00,27.02
2019-01-13 13:00:00,26.35
2019-01-13 14:00:00,23.64
2019-01-13 15:00:00,21.88
2019-01-13 16:00:00,21.67
2019-01-13 17:00:00,23.29
2019-01-13 18:00:00,38.55
2019-01-13 19:00:00,51.72
2019-01-13 20:00:00,39.7
2019-01-13 21:00:00,33.51
2019-01-13 22:00:00,31.0
2019-01-13 23:00:00,26.55
2019-01-14 00:00:00,25.62
2019-01-14 01:00:00,23.54
2019-01-14 02:00:00,22.8
2019-01-14 03:00:00,22.04
2019-01-14 04:00:00,23.89
2019-01-14 05:00:00,25.2
2019-01-14 06:00:00,30.75
2019-01-14 07:00:00,65.49
2019-01-14 08:00:00,50.07
2019-01-14 09:00:00,32.45
2019-01-14 10:00:00,30.0
2019-01-14 11:00:00,27.6
2019-01-14 12:00:00,26.79
2019-01-14 13:00:00,25.0
2019-01-14 14:00:00,24.0
2019-01-14 15:00:00,22.56
2019-01-14 16:00:00,21.89
2019-01-14 17:00:00,23.84
2019-01-14 18:00:00,33.04
2019-01-14 19:00:00,35.59
2019-01-14 20:00:00,28.0
2019-01-14 21:00:00,25.98
2019-01-14 22:00:00,23.98
2019-01-14 23:00:00,22.05
2019-01-15 00:00:00,21.6
2019-01-15 01:00:00,20.65
2019-01-15 02:00:00,20.48
2019-01-15 03:00:00,20.67
2019-01-15 04:00:00,20.5
2019-01-15 05:00:00,21.89
2019-01-15 06:00:00,24.65
2019-01-15 07:00:00,38.24
2019-01-15 08:00:00,32.99
2019-01-15 09:00:00,29.45
2019-01-15 10:00:00,32.09
2019-01-15 11:00:00,30.45
2019-01-15 12:00:00,28.83
2019-01-15 13:00:00,27.61
2019-01-15 14:00:00,23.59
2019-01-15 15:00:00,22.23
2019-01-15 16:00:00,22.29
2019-01-15 17:00:00,23.17
2019-01-15 18:00:00,36.47
2019-01-15 19:00:00,34.9
2019-01-15 20:00:00,26.66
2019-01-15 21:00:00,24.45
2019-01-15 22:00:00,22.63
2019-01-15 23:00:00,22.46
2019-01-16 00:00:00,20.75
2019-01-16 01:00:00,21.24
2019-01-16 02:00:00,20.98
2019-01-16 03:00:00,21.0
2019-01-16 04:00:00,20.91
2019-01-16 05:00:00,22.12
2019-01-16 06:00:00,22.64
2019-01-16 07:00:00,38.03
2019-01-16 08:00:00,33.02
2019-01-16 09:00:00,31.43
2019-01-16 10:00:00,29.32
2019-01-16 11:00:00,26.76
2019-01-16 12:00:00,24.4
2019-01-16 13:00:00,24.16
2019-01-16 14:00:00,23.0
2019-01-16 15:00:00,22.13
2019-01-16 16:00:00,21.65
2019-01-16 17:00:00,21.45
2019-01-16 18:00:00,31.78
2019-01-16 19:00:00,29.67
2019-01-16 20:00:00,23.5
2019-01-16 21:00:00,22.7
2019-01-16 22:00:00,21.04
2019-01-16 23:00:00,20.36
2019-01-17 00:00:00,18.78
2019-01-17 01:00:00,18.08
2019-01-17 02:00:00,16.91
2019-01-17 03:00:00,17.4
2019-01-17 04:00:00,17.39
2019-01-17 05:00:00,22.42
2019-01-17 06:00:00,22.67
2019-01-17 07:00:00,28.98
2019-01-17 08:00:00,26.52
2019-01-17 09:00:00,27.34
2019-01-17 10:00:00,30.44
2019-01-17 11:00:00,30.92
2019-01-17 12:00:00,32.63
2019-01-17 13:00:00,30.16
2019-01-17 14:00:00,28.78
2019-01-17 15:00:00,27.09
2019-01-17 16:00:00,27.12
2019-01-17 17:00:00,27.49
2019-01-17 18:00:00,43.0
2019-01-17 19:00:00,37.01
2019-01-17 20:00:00,27.88
2019-01-17 21:00:00,27.57
2019-01-17 22:00:00,25.69
2019-01-17 23:00:00,23.52
2019-01-18 00:00:00,21.16
2019-01-18 01:00:00,16.15
2019-01-18 02:00:00,14.89
2019-01-18 03:00:00,14.51
2019-01-18 04:00:00,13.78
2019-01-18 05:00:00,15.0
2019-01-18 06:00:00,20.39
2019-01-18 07:00:00,27.52
2019-01-18 08:00:00,25.88
2019-01-18 09:00:00,22.94
2019-01-18 10:00:00,22.72
2019-01-18 11:00:00,21.96
2019-01-18 12:00:00,20.59
2019-01-18 13:00:00,18.0
2019-01-18 14:00:00,16.74
2019-01-18 15:00:00,16.59
2019-01-18 16:00:00,16.0
2019-01-18 17:00:00,17.0
2019-01-18 18:00:00,24.84
2019-01-18 19:00:00,21.1
2019-01-18 20:00:00,17.01
2019-01-18 21:00:00,16.5
2019-01-18 22:00:00,16.0
2019-01-18 23:00:00,13.57
2019-01-19 00:00:00,11.78
2019-01-19 01:00:00,9.65
2019-01-19 02:00:00,9.66
2019-01-19 03:00:00,10.11
2019-01-19 04:00:00,10.42
2019-01-19 05:00:00,12.44
2019-01-19 06:00:00,13.49
2019-01-19 07:00:00,16.0
2019-01-19 08:00:00,19.0
2019-01-19 09:00:00,24.44
2019-01-19 10:00:00,21.64
2019-01-19 11:00:00,20.92
2019-01-19 12:00:00,21.45
2019-01-19 13:00:00,20.9
2019-01-19 14:00:00,21.27
2019-01-19 15:00:00,22.21
2019-01-19 16:00:00,22.31
2019-01-19 17:00:00,22.98
2019-01-19 18:00:00,34.59
2019-01-19 19:00:00,51.92
2019-01-19 20:00:00,43.41
2019-01-19 21:00:00,38.28
2019-01-19 22:00:00,34.41
2019-01-19 23:00:00,31.7
2019-01-20 00:00:00,28.3
2019-01-20 01:00:00,24.83
2019-01-20 02:00:00,24.53
2019-01-20 03:00:00,22.98
2019-01-20 04:00:00,23.31
2019-01-20 05:00:00,23.8
2019-01-20 06:00:00,25.99
2019-01-20 07:00:00,39.01
2019-01-20 08:00:00,44.45
2019-01-20 09:00:00,50.0
2019-01-20 10:00:00,35.77
2019-01-20 11:00:00,28.32
2019-01-20 12:00:00,25.96
2019-01-20 13:00:00,25.07
2019-01-20 14:00:00,23.55
2019-01-20 15:00:00,21.97
2019-01-20 16:00:00,19.87
2019-01-20 17:00:00,19.42
2019-01-20 18:00:00,23.56
2019-01-20 19:00:00,28.2
2019-01-20 20:00:00,24.17
2019-01-20 21:00:00,24.13
2019-01-20 22:00:00,21.64
2019-01-20 23:00:00,18.36
2019-01-21 00:00:00,18.31
2019-01-21 01:00:00,16.5
2019-01-21 02:00:00,16.96
2019-01-21 03:00:00,16.53
2019-01-21 04:00:00,16.68
2019-01-21 05:00:00,17.68
2019-01-21 06:00:00,18.04
2019-01-21 07:00:00,31.95
2019-01-21 08:00:00,28.0
2019-01-21 09:00:00,22.89
2019-01-21 10:00:00,19.48
2019-01-21 11:00:00,17.99
2019-01-21 12:00:00,16.37
2019-01-21 13:00:00,16.0
2019-01-21 14:00:00,17.4
2019-01-21 15:00:00,16.83
2019-01-21 16:00:00,16.42
2019-01-21 17:00:00,18.03
2019-01-21 18:00:00,23.18
2019-01-21 19:00:00,21.56
2019-01-21 20:00:00,19.0
2019-01-21 21:00:00,18.15
2019-01-21 22:00:00,15.83
2019-01-21 23:00:00,13.98
2019-01-22 00:00:00,11.59
2019-01-22 01:00:00,6.42
2019-01-22 02:00:00,6.0
2019-01-22 03:00:00,5.57
2019-01-22 04:00:00,5.41
2019-01-22 05:00:00,7.28
2019-01-22 06:00:00,13.51
2019-01-22 07:00:00,23.42
2019-01-22 08:00:00,21.69
2019-01-22 09:00:00,20.3
2019-01-22 10:00:00,21.19
2019-01-22 11:00:00,20.88
2019-01-22 12:00:00,19.3
2019-01-22 13:00:00,19.58
2019-01-22 14:00:00,18.17
2019-01-22 15:00:00,17.02
2019-01-22 16:00:00,17.67
2019-01-22 17:00:00,17.45
2019-01-22 18:00:00,24.05
2019-01-22 19:00:00,25.0
2019-01-22 20:00:00,20.0
2019-01-22 21:00:00,19.95
2019-01-22 22:00:00,20.25
2019-01-22 23:00:00,17.56
2019-01-23 00:00:00,16.44
2019-01-23 01:00:00,16.33
2019-01-23 02:00:00,18.28
2019-01-23 03:00:00,19.07
2019-01-23 04:00:00,20.67
2019-01-23 05:00:00,23.35
2019-01-23 06:00:00,22.39
2019-01-23 07:00:00,35.0
2019-01-23 08:00:00,33.66
2019-01-23 09:00:00,33.55
2019-01-23 10:00:00,30.1
2019-01-23 11:00:00,28.62
2019-01-23 12:00:00,25.16
2019-01-23 13:00:00,24.42
2019-01-23 14:00:00,21.05
2019-01-23 15:00:00,20.54
2019-01-23 16:00:00,20.92
2019-01-23 17:00:00,21.59
2019-01-23 18:00:00,31.99
2019-01-23 19:00:00,48.75
2019-01-23 20:00:00,37.99
2019-01-23 21:00:00,32.88
2019-01-23 22:00:00,26.63
2019-01-23 23:00:00,24.7
2019-01-24 00:00:00,23.26
2019-01-24 01:00:00,20.79
2019-01-24 02:00:00,20.22
2019-01-24 03:00:00,19.64
2019-01-24 04:00:00,20.14
2019-01-24 05:00:00,21.92
2019-01-24 06:00:00,29.5
2019-01-24 07:00:00,75.1
2019-01-24 08:00:00,47.89
2019-01-24 09:00:00,30.83
2019-01-24 10:00:00,27.07
2019-01-24 11:00:00,24.43
2019-01-24 12:00:00,21.89
2019-01-24 13:00:00,20.41
2019-01-24 14:00:00,19.96
2019-01-24 15:00:00,19.54
2019-01-24 16:00:00,18.83
2019-01-24 17:00:00,18.83
2019-01-24 18:00:00,28.03
2019-01-24 19:00:00,32.0
2019-01-24 20:00:00,22.43
2019-01-24 21:00:00,22.85
2019-01-24 22:00:00,25.94
2019-01-24 23:00:00,22.71
2019-01-25 00:00:00,21.41
2019-01-25 01:00:00,22.53
2019-01-25 02:00:00,22.98
2019-01-25 03:00:00,23.6
2019-01-25 04:00:00,27.06
2019-01-25 05:00:00,24.0
2019-01-25 06:00:00,30.57
2019-01-25 07:00:00,64.41
2019-01-25 08:00:00,51.14
2019-01-25 09:00:00,36.11
2019-01-25 10:00:00,32.99
2019-01-25 11:00:00,27.5
2019-01-25 12:00:00,26.88
2019-01-25 13:00:00,25.7
2019-01-25 14:00:00,23.75
2019-01-25 15:00:00,21.84
2019-01-25 16:00:00,21.48
2019-01-25 17:00:00,22.72
2019-01-25 18:00:00,31.54
2019-01-25 19:00:00,42.5
2019-01-25 20:00:00,34.26
2019-01-25 21:00:00,29.16
2019-01-25 22:00:00,28.11
2019-01-25 23:00:00,23.72
2019-01-26 00:00:00,23.48
2019-01-26 01:00:00,22.8
2019-01-26 02:00:00,20.98
2019-01-26 03:00:00,20.82
2019-01-26 04:00:00,20.82
2019-01-26 05:00:00,21.79
2019-01-26 06:00:00,23.11
2019-01-26 07:00:00,27.25
2019-01-26 08:00:00,31.11
2019-01-26 09:00:00,33.34
2019-01-26 10:00:00,37.03
2019-01-26 11:00:00,31.23
2019-01-26 12:00:00,26.55
2019-01-26 13:00:00,23.69
2019-01-26 14:00:00,22.05
2019-01-26 15:00:00,21.55
2019-01-26 16:00:00,20.02
2019-01-26 17:00:00,20.52
2019-01-26 18:00:00,26.61
2019-01-26 19:00:00,35.42
2019-01-26 20:00:00,26.57
2019-01-26 21:00:00,26.37
2019-01-26 22:00:00,26.35
2019-01-26 23:00:00,23.41
2019-01-27 00:00:00,22.5
2019-01-27 01:00:00,24.48
2019-01-27 02:00:00,23.61
2019-01-27 03:00:00,21.33
2019-01-27 04:00:00,21.08
2019-01-27 05:00:00,21.21
2019-01-27 06:00:00,22.11
2019-01-27 07:00:00,26.34
2019-01-27 08:00:00,28.34
2019-01-27 09:00:00,33.72
2019-01-27 10:00:00,37.57
2019-01-27 11:00:00,29.95
2019-01-27 12:00:00,28.16
2019-01-27 13:00:00,22.45
2019-01-27 14:00:00,21.2
2019-01-27 15:00:00,20.0
2019-01-27 16:00:00,19.51
2019-01-27 17:00:00,19.57
2019-01-27 18:00:00,25.9
2019-01-27 19:00:00,35.82
2019-01-27 20:00:00,23.71
2019-01-27 21:00:00,22.91
2019-01-27 22:00:00,20.89
2019-01-27 23:00:00,21.19
2019-01-28 00:00:00,18.17
2019-01-28 01:00:00,14.08
2019-01-28 02:00:00,12.0
2019-01-28 03:00:00,9.95
2019-01-28 04:00:00,10.13
2019-01-28 05:00:00,13.12
2019-01-28 06:00:00,18.28
2019-01-28 07:00:00,27.85
2019-01-28 08:00:00,28.0
2019-01-28 09:00:00,23.2
2019-01-28 10:00:00,21.31
2019-01-28 11:00:00,17.85
2019-01-28 12:00:00,16.55
2019-01-28 13:00:00,14.68
2019-01-28 14:00:00,15.0
2019-01-28 15:00:00,14.75
2019-01-28 16:00:00,16.35
2019-01-28 17:00:00,16.39
2019-01-28 18:00:00,18.74
2019-01-28 19:00:00,23.16
2019-01-28 20:00:00,20.1
2019-01-28 21:00:00,19.83
2019-01-28 22:00:00,26.35
2019-01-28 23:00:00,29.42
2019-01-29 00:00:00,28.16
2019-01-29 01:00:00,27.66
2019-01-29 02:00:00,25.01
2019-01-29 03:00:00,24.93
2019-01-29 04:00:00,27.75
2019-01-29 05:00:00,30.12
2019-01-29 06:00:00,32.66
2019-01-29 07:00:00,70.27
2019-01-29 08:00:00,56.06
2019-01-29 09:00:00,39.45
2019-01-29 10:00:00,35.2
2019-01-29 11:00:00,32.41
2019-01-29 12:00:00,28.83
2019-01-29 13:00:00,26.0
2019-01-29 14:00:00,21.85
2019-01-29 15:00:00,20.57
2019-01-29 16:00:00,20.51
2019-01-29 17:00:00,20.93
2019-01-29 18:00:00,25.62
2019-01-29 19:00:00,38.88
2019-01-29 20:00:00,26.35
2019-01-29 21:00:00,25.0
2019-01-29 22:00:00,24.08
2019-01-29 23:00:00,22.66
2019-01-30 00:00:00,22.0
2019-01-30 01:00:00,21.05
2019-01-30 02:00:00,21.04
2019-01-30 03:00:00,20.54
2019-01-30 04:00:00,21.51
2019-01-30 05:00:00,22.06
2019-01-30 06:00:00,28.0
2019-01-30 07:00:00,55.31
2019-01-30 08:00:00,46.73
2019-01-30 09:00:00,35.05
2019-01-30 10:00:00,29.96
2019-01-30 11:00:00,24.32
2019-01-30 12:00:00,23.05
2019-01-30 13:00:00,22.0
2019-01-30 14:00:00,20.88
2019-01-30 15:00:00,19.62
2019-01-30 16:00:00,19.27
2019-01-30 17:00:00,19.79
2019-01-30 18:00:00,25.32
2019-01-30 19:00:00,30.56
2019-01-30 20:00:00,22.87
2019-01-30 21:00:00,21.92
2019-01-30 22:00:00,20.2
2019-01-30 23:00:00,18.51
2019-01-31 00:00:00,19.0
2019-01-31 01:00:00,17.58
2019-01-31 02:00:00,17.03
2019-01-31 03:00:00,16.89
2019-01-31 04:00:00,15.1
2019-01-31 05:00:00,19.56
2019-01-31 06:00:00,19.6
2019-01-31 07:00:00,32.38
2019-01-31 08:00:00,30.68
2019-01-31 09:00:00,21.68
2019-01-31 10:00:00,20.87
2019-01-31 11:00:00,19.31
2019-01-31 12:00:00,18.34
2019-01-31 13:00:00,18.71
2019-01-31 14:00:00,19.0
2019-01-31 15:00:00,19.0
2019-01-31 16:00:00,19.12
2019-01-31 17:00:00,19.58
2019-01-31 18:00:00,27.84
2019-01-31 19:00:00,31.47
2019-01-31 20:00:00,22.0
2019-01-31 21:00:00,21.97
2019-01-31 22:00:00,20.3
2019-01-31 23:00:00,20.31
2019-02-01 00:00:00,19.55
2019-02-01 01:00:00,21.78
2019-02-01 02:00:00,21.19
2019-02-01 03:00:00,21.14
2019-02-01 04:00:00,21.63
2019-02-01 05:00:00,21.6
2019-02-01 06:00:00,22.26
2019-02-01 07:00:00,41.18
2019-02-01 08:00:00,32.11
2019-02-01 09:00:00,31.06
2019-02-01 10:00:00,30.3
2019-02-01 11:00:00,25.87
2019-02-01 12:00:00,24.13
2019-02-01 13:00:00,22.86
2019-02-01 14:00:00,21.85
2019-02-01 15:00:00,21.69
2019-02-01 16:00:00,21.3
2019-02-01 17:00:00,21.27
2019-02-01 18:00:00,27.2
2019-02-01 19:00:00,27.25
2019-02-01 20:00:00,21.31
2019-02-01 21:00:00,20.52
2019-02-01 22:00:00,19.74
2019-02-01 23:00:00,19.02
2019-02-02 00:00:00,17.98
2019-02-02 01:00:00,18.11
2019-02-02 02:00:00,17.24
2019-02-02 03:00:00,16.73
2019-02-02 04:00:00,16.37
2019-02-02 05:00:00,17.3
2019-02-02 06:00:00,18.55
2019-02-02 07:00:00,19.46
2019-02-02 08:00:00,19.92
2019-02-02 09:00:00,24.45
2019-02-02 10:00:00,25.24
2019-02-02 11:00:00,28.89
2019-02-02 12:00:00,25.0
2019-02-02 13:00:00,21.16
2019-02-02 14:00:00,20.11
2019-02-02 15:00:00,19.93
2019-02-02 16:00:00,19.8
2019-02-02 17:00:00,20.11
2019-02-02 18:00:00,27.8
2019-02-02 19:00:00,28.48
2019-02-02 20:00:00,19.44
2019-02-02 21:00:00,17.74
2019-02-02 22:00:00,16.35
2019-02-02 23:00:00,15.65
2019-02-03 00:00:00,13.9
2019-02-03 01:00:00,10.62
2019-02-03 02:00:00,5.92
2019-02-03 03:00:00,4.48
2019-02-03 04:00:00,5.43
2019-02-03 05:00:00,6.53
2019-02-03 06:00:00,9.0
2019-02-03 07:00:00,14.16
2019-02-03 08:00:00,14.07
2019-02-03 09:00:00,18.24
2019-02-03 10:00:00,18.23
2019-02-03 11:00:00,15.17
2019-02-03 12:00:00,15.94
2019-02-03 13:00:00,15.0
2019-02-03 14:00:00,15.0
2019-02-03 15:00:00,15.0
2019-02-03 16:00:00,15.27
2019-02-03 17:00:00,17.21
2019-02-03 18:00:00,19.98
2019-02-03 19:00:00,26.18
2019-02-03 20:00:00,17.88
2019-02-03 21:00:00,16.2
2019-02-03 22:00:00,14.41
2019-02-03 23:00:00,10.83
2019-02-04 00:00:00,9.1
2019-02-04 01:00:00,5.69
2019-02-04 02:00:00,4.73
2019-02-04 03:00:00,5.27
2019-02-04 04:00:00,7.0
2019-02-04 05:00:00,10.17
2019-02-04 06:00:00,16.93
2019-02-04 07:00:00,21.4
2019-02-04 08:00:00,21.59
2019-02-04 09:00:00,23.0
2019-02-04 10:00:00,23.7
2019-02-04 11:00:00,23.64
2019-02-04 12:00:00,26.09
2019-02-04 13:00:00,24.07
2019-02-04 14:00:00,25.24
2019-02-04 15:00:00,23.63
2019-02-04 16:00:00,22.74
2019-02-04 17:00:00,22.48
2019-02-04 18:00:00,30.54
2019-02-04 19:00:00,35.0
2019-02-04 20:00:00,22.62
2019-02-04 21:00:00,20.17
2019-02-04 22:00:00,18.0
2019-02-04 23:00:00,16.63
2019-02-05 00:00:00,14.49
2019-02-05 01:00:00,8.95
2019-02-05 02:00:00,5.77
2019-02-05 03:00:00,6.0
2019-02-05 04:00:00,6.94
2019-02-05 05:00:00,10.48
2019-02-05 06:00:00,14.9
2019-02-05 07:00:00,17.71
2019-02-05 08:00:00,17.58
2019-02-05 09:00:00,16.52
2019-02-05 10:00:00,16.49
2019-02-05 11:00:00,17.01
2019-02-05 12:00:00,17.73
2019-02-05 13:00:00,17.32
2019-02-05 14:00:00,16.97
2019-02-05 15:00:00,16.1
2019-02-05 16:00:00,17.77
2019-02-05 17:00:00,19.12
2019-02-05 18:00:00,28.68
2019-02-05 19:00:00,35.05
2019-02-05 20:00:00,20.61
2019-02-05 21:00:00,18.47
2019-02-05 22:00:00,17.84
2019-02-05 23:00:00,16.59
2019-02-06 00:00:00,12.27
2019-02-06 01:00:00,9.95
2019-02-06 02:00:00,7.04
2019-02-06 03:00:00,6.74
2019-02-06 04:00:00,8.44
2019-02-06 05:00:00,11.25
2019-02-06 06:00:00,15.15
2019-02-06 07:00:00,19.03
2019-02-06 08:00:00,19.54
2019-02-06 09:00:00,20.15
2019-02-06 10:00:00,21.69
2019-02-06 11:00:00,22.89
2019-02-06 12:00:00,21.15
2019-02-06 13:00:00,21.08
2019-02-06 14:00:00,18.98
2019-02-06 15:00:00,17.0
2019-02-06 16:00:00,17.0
2019-02-06 17:00:00,18.18
2019-02-06 18:00:00,23.69
2019-02-06 19:00:00,32.39
2019-02-06 20:00:00,20.98
2019-02-06 21:00:00,19.87
2019-02-06 22:00:00,17.64
2019-02-06 23:00:00,16.99
2019-02-07 00:00:00,13.0
2019-02-07 01:00:00,7.92
2019-02-07 02:00:00,5.83
2019-02-07 03:00:00,5.09
2019-02-07 04:00:00,5.26
2019-02-07 05:00:00,6.09
2019-02-07 06:00:00,12.0
2019-02-07 07:00:00,17.91
2019-02-07 08:00:00,18.0
2019-02-07 09:00:00,18.19
2019-02-07 10:00:00,18.18
2019-02-07 11:00:00,18.57
2019-02-07 12:00:00,18.64
2019-02-07 13:00:00,20.6
2019-02-07 14:00:00,21.32
2019-02-07 15:00:00,20.0
2019-02-07 16:00:00,20.49
2019-02-07 17:00:00,20.24
2019-02-07 18:00:00,24.8
2019-02-07 19:00:00,40.93
2019-02-07 20:00:00,30.82
2019-02-07 21:00:00,22.57
2019-02-07 22:00:00,22.4
2019-02-07 23:00:00,21.7
2019-02-08 00:00:00,19.76
2019-02-08 01:00:00,19.8
2019-02-08 02:00:00,19.53
2019-02-08 03:00:00,19.93
2019-02-08 04:00:00,21.16
2019-02-08 05:00:00,22.86
2019-02-08 06:00:00,25.07
2019-02-08 07:00:00,55.78
2019-02-08 08:00:00,50.14
2019-02-08 09:00:00,41.27
2019-02-08 10:00:00,39.73
2019-02-08 11:00:00,35.04
2019-02-08 12:00:00,30.51
2019-02-08 13:00:00,24.99
2019-02-08 14:00:00,22.14
2019-02-08 15:00:00,20.32
2019-02-08 16:00:00,20.13
2019-02-08 17:00:00,21.49
2019-02-08 18:00:00,24.75
2019-02-08 19:00:00,43.36
2019-02-08 20:00:00,27.0
2019-02-08 21:00:00,26.75
2019-02-08 22:00:00,23.29
2019-02-08 23:00:00,23.12
2019-02-09 00:00:00,22.81
2019-02-09 01:00:00,23.07
2019-02-09 02:00:00,21.92
2019-02-09 03:00:00,21.0
2019-02-09 04:00:00,20.92
2019-02-09 05:00:00,21.74
2019-02-09 06:00:00,23.09
2019-02-09 07:00:00,26.2
2019-02-09 08:00:00,28.77
2019-02-09 09:00:00,39.75
2019-02-09 10:00:00,44.93
2019-02-09 11:00:00,40.63
2019-02-09 12:00:00,30.08
2019-02-09 13:00:00,24.21
2019-02-09 14:00:00,20.77
2019-02-09 15:00:00,20.62
2019-02-09 16:00:00,19.65
2019-02-09 17:00:00,19.68
2019-02-09 18:00:00,25.59
2019-02-09 19:00:00,38.11
2019-02-09 20:00:00,24.02
2019-02-09 21:00:00,23.98
2019-02-09 22:00:00,21.08
2019-02-09 23:00:00,21.46
2019-02-10 00:00:00,19.76
2019-02-10 01:00:00,18.18
2019-02-10 02:00:00,18.83
2019-02-10 03:00:00,16.46
2019-02-10 04:00:00,17.5
2019-02-10 05:00:00,17.7
2019-02-10 06:00:00,19.33
2019-02-10 07:00:00,20.99
2019-02-10 08:00:00,22.4
2019-02-10 09:00:00,28.27
2019-02-10 10:00:00,32.86
2019-02-10 11:00:00,30.52
2019-02-10 12:00:00,25.77
2019-02-10 13:00:00,23.6
2019-02-10 14:00:00,20.75
2019-02-10 15:00:00,20.13
2019-02-10 16:00:00,20.25
2019-02-10 17:00:00,20.13
2019-02-10 18:00:00,22.59
2019-02-10 19:00:00,30.48
2019-02-10 20:00:00,20.81
2019-02-10 21:00:00,19.17
2019-02-10 22:00:00,17.75
2019-02-10 23:00:00,18.24
2019-02-11 00:00:00,16.85
2019-02-11 01:00:00,16.49
2019-02-11 02:00:00,13.7
2019-02-11 03:00:00,14.83
2019-02-11 04:00:00,14.41
2019-02-11 05:00:00,15.74
2019-02-11 06:00:00,16.71
2019-02-11 07:00:00,22.75
2019-02-11 08:00:00,22.32
2019-02-11 09:00:00,21.93
2019-02-11 10:00:00,21.43
2019-02-11 11:00:00,19.43
2019-02-11 12:00:00,18.49
2019-02-11 13:00:00,16.59
2019-02-11 14:00:00,16.47
2019-02-11 15:00:00,15.0
2019-02-11 16:00:00,15.0
2019-02-11 17:00:00,14.91
2019-02-11 18:00:00,18.18
2019-02-11 19:00:00,28.96
2019-02-11 20:00:00,20.29
2019-02-11 21:00:00,20.0
2019-02-11 22:00:00,15.92
2019-02-11 23:00:00,17.06
2019-02-12 00:00:00,14.68
2019-02-12 01:00:00,13.71
2019-02-12 02:00:00,15.52
2019-02-12 03:00:00,16.19
2019-02-12 04:00:00,17.11
2019-02-12 05:00:00,17.43
2019-02-12 06:00:00,18.26
2019-02-12 07:00:00,27.64
2019-02-12 08:00:00,25.5
2019-02-12 09:00:00,25.58
2019-02-12 10:00:00,25.78
2019-02-12 11:00:00,23.82
2019-02-12 12:00:00,23.39
2019-02-12 13:00:00,21.96
2019-02-12 14:00:00,21.56
2019-02-12 15:00:00,20.48
2019-02-12 16:00:00,19.78
2019-02-12 17:00:00,20.63
2019-02-12 18:00:00,25.15
2019-02-12 19:00:00,45.0
2019-02-12 20:00:00,25.27
2019-02-12 21:00:00,21.23
2019-02-12 22:00:00,20.63
2019-02-12 23:00:00,18.48
2019-02-13 00:00:00,18.36
2019-02-13 01:00:00,15.02
2019-02-13 02:00:00,13.8
2019-02-13 03:00:00,15.57
2019-02-13 04:00:00,14.41
2019-02-13 05:00:00,16.59
2019-02-13 06:00:00,17.2
2019-02-13 07:00:00,35.01
2019-02-13 08:00:00,27.66
2019-02-13 09:00:00,20.77
2019-02-13 10:00:00,18.87
2019-02-13 11:00:00,17.44
2019-02-13 12:00:00,16.06
2019-02-13 13:00:00,15.23
2019-02-13 14:00:00,15.14
2019-02-13 15:00:00,14.97
2019-02-13 16:00:00,16.04
2019-02-13 17:00:00,14.26
2019-02-13 18:00:00,15.15
2019-02-13 19:00:00,24.88
2019-02-13 20:00:00,20.91
2019-02-13 21:00:00,19.31
2019-02-13 22:00:00,16.31
2019-02-13 23:00:00,15.76
2019-02-14 00:00:00,14.74
2019-02-14 01:00:00,11.26
2019-02-14 02:00:00,9.81
2019-02-14 03:00:00,9.24
2019-02-14 04:00:00,10.33
2019-02-14 05:00:00,10.38
2019-02-14 06:00:00,14.96
2019-02-14 07:00:00,18.24
2019-02-14 08:00:00,18.65
2019-02-14 09:00:00,18.31
2019-02-14 10:00:00,18.92
2019-02-14 11:00:00,19.09
2019-02-14 12:00:00,19.68
2019-02-14 13:00:00,18.97
2019-02-14 14:00:00,18.35
2019-02-14 15:00:00,19.13
2019-02-14 16:00:00,19.79
2019-02-14 17:00:00,20.84
2019-02-14 18:00:00,27.38
2019-02-14 19:00:00,45.56
2019-02-14 20:00:00,25.55
2019-02-14 21:00:00,22.41
2019-02-14 22:00:00,19.82
2019-02-14 23:00:00,18.9
2019-02-15 00:00:00,18.22
2019-02-15 01:00:00,16.49
2019-02-15 02:00:00,14.96
2019-02-15 03:00:00,14.09
2019-02-15 04:00:00,15.43
2019-02-15 05:00:00,16.79
2019-02-15 06:00:00,17.16
2019-02-15 07:00:00,19.97
2019-02-15 08:00:00,18.75
2019-02-15 09:00:00,17.81
2019-02-15 10:00:00,17.5
2019-02-15 11:00:00,16.04
2019-02-15 12:00:00,17.07
2019-02-15 13:00:00,18.03
2019-02-15 14:00:00,18.83
2019-02-15 15:00:00,19.75
2019-02-15 16:00:00,21.11
2019-02-15 17:00:00,24.54
2019-02-15 18:00:00,34.26
2019-02-15 19:00:00,56.39
2019-02-15 20:00:00,28.5
2019-02-15 21:00:00,23.03
2019-02-15 22:00:00,22.77
2019-02-15 23:00:00,21.29
2019-02-16 00:00:00,20.21
2019-02-16 01:00:00,19.38
2019-02-16 02:00:00,19.2
2019-02-16 03:00:00,18.89
2019-02-16 04:00:00,19.74
2019-02-16 05:00:00,19.59
2019-02-16 06:00:00,20.92
2019-02-16 07:00:00,22.81
2019-02-16 08:00:00,24.67
2019-02-16 09:00:00,33.75
2019-02-16 10:00:00,34.6
2019-02-16 11:00:00,26.63
2019-02-16 12:00:00,21.87
2019-02-16 13:00:00,18.89
2019-02-16 14:00:00,18.14
2019-02-16 15:00:00,15.35
2019-02-16 16:00:00,14.37
2019-02-16 17:00:00,14.17
2019-02-16 18:00:00,17.0
2019-02-16 19:00:00,21.29
2019-02-16 20:00:00,17.83
2019-02-16 21:00:00,17.58
2019-02-16 22:00:00,17.1
2019-02-16 23:00:00,17.37
2019-02-17 00:00:00,16.92
2019-02-17 01:00:00,15.9
2019-02-17 02:00:00,16.78
2019-02-17 03:00:00,16.89
2019-02-17 04:00:00,17.35
2019-02-17 05:00:00,17.37
2019-02-17 06:00:00,17.39
2019-02-17 07:00:00,19.89
2019-02-17 08:00:00,21.91
2019-02-17 09:00:00,23.02
2019-02-17 10:00:00,22.76
2019-02-17 11:00:00,22.93
2019-02-17 12:00:00,24.13
2019-02-17 13:00:00,23.04
2019-02-17 14:00:00,21.05
2019-02-17 15:00:00,19.46
2019-02-17 16:00:00,19.25
2019-02-17 17:00:00,19.26
2019-02-17 18:00:00,23.97
2019-02-17 19:00:00,39.06
2019-02-17 20:00:00,22.39
2019-02-17 21:00:00,20.05
2019-02-17 22:00:00,18.66
2019-02-17 23:00:00,17.84
2019-02-18 00:00:00,17.42
2019-02-18 01:00:00,14.97
2019-02-18 02:00:00,15.0
2019-02-18 03:00:00,14.51
2019-02-18 04:00:00,15.31
2019-02-18 05:00:00,16.97
2019-02-18 06:00:00,19.16
2019-02-18 07:00:00,31.59
2019-02-18 08:00:00,30.84
2019-02-18 09:00:00,28.67
2019-02-18 10:00:00,27.87
2019-02-18 11:00:00,24.13
2019-02-18 12:00:00,23.55
2019-02-18 13:00:00,21.46
2019-02-18 14:00:00,20.0
2019-02-18 15:00:00,19.11
2019-02-18 16:00:00,18.65
2019-02-18 17:00:00,18.05
2019-02-18 18:00:00,21.85
2019-02-18 19:00:00,27.81
2019-02-18 20:00:00,21.55
2019-02-18 21:00:00,20.59
2019-02-18 22:00:00,20.33
2019-02-18 23:00:00,19.37
2019-02-19 00:00:00,18.08
2019-02-19 01:00:00,17.59
2019-02-19 02:00:00,18.05
2019-02-19 03:00:00,18.98
2019-02-19 04:00:00,18.98
2019-02-19 05:00:00,20.06
2019-02-19 06:00:00,22.2
2019-02-19 07:00:00,31.24
2019-02-19 08:00:00,30.0
2019-02-19 09:00:00,28.35
2019-02-19 10:00:00,28.57
2019-02-19 11:00:00,30.71
2019-02-19 12:00:00,27.6
2019-02-19 13:00:00,26.46
2019-02-19 14:00:00,27.03
2019-02-19 15:00:00,27.04
2019-02-19 16:00:00,27.56
2019-02-19 17:00:00,29.6
2019-02-19 18:00:00,33.2
2019-02-19 19:00:00,54.6
2019-02-19 20:00:00,38.76
2019-02-19 21:00:00,35.62
2019-02-19 22:00:00,30.83
2019-02-19 23:00:00,26.0
2019-02-20 00:00:00,23.82
2019-02-20 01:00:00,22.54
2019-02-20 02:00:00,20.09
2019-02-20 03:00:00,18.22
2019-02-20 04:00:00,17.0
2019-02-20 05:00:00,18.5
2019-02-20 06:00:00,20.5
2019-02-20 07:00:00,43.2
2019-02-20 08:00:00,27.69
2019-02-20 09:00:00,24.4
2019-02-20 10:00:00,22.37
2019-02-20 11:00:00,21.27
2019-02-20 12:00:00,19.53
2019-02-20 13:00:00,19.43
2019-02-20 14:00:00,18.81
2019-02-20 15:00:00,18.48
2019-02-20 16:00:00,18.8
2019-02-20 17:00:00,19.29
2019-02-20 18:00:00,22.76
2019-02-20 19:00:00,38.61
2019-02-20 20:00:00,26.27
2019-02-20 21:00:00,24.66
2019-02-20 22:00:00,23.26
2019-02-20 23:00:00,20.3
2019-02-21 00:00:00,18.51
2019-02-21 01:00:00,14.26
2019-02-21 02:00:00,16.25
2019-02-21 03:00:00,16.11
2019-02-21 04:00:00,14.31
2019-02-21 05:00:00,16.17
2019-02-21 06:00:00,17.92
2019-02-21 07:00:00,36.27
2019-02-21 08:00:00,28.37
2019-02-21 09:00:00,22.37
2019-02-21 10:00:00,21.28
2019-02-21 11:00:00,19.09
2019-02-21 12:00:00,17.76
2019-02-21 13:00:00,16.28
2019-02-21 14:00:00,15.64
2019-02-21 15:00:00,15.47
2019-02-21 16:00:00,16.03
2019-02-21 17:00:00,17.5
2019-02-21 18:00:00,19.71
2019-02-21 19:00:00,23.79
2019-02-21 20:00:00,20.2
2019-02-21 21:00:00,19.73
2019-02-21 22:00:00,18.53
2019-02-21 23:00:00,18.07
2019-02-22 00:00:00,16.99
2019-02-22 01:00:00,18.38
2019-02-22 02:00:00,18.17
2019-02-22 03:00:00,19.16
2019-02-22 04:00:00,18.86
2019-02-22 05:00:00,19.1
2019-02-22 06:00:00,21.18
2019-02-22 07:00:00,40.79
2019-02-22 08:00:00,33.36
2019-02-22 09:00:00,30.54
2019-02-22 10:00:00,31.01
2019-02-22 11:00:00,29.02
2019-02-22 12:00:00,25.8
2019-02-22 13:00:00,22.44
2019-02-22 14:00:00,22.27
2019-02-22 15:00:00,21.0
2019-02-22 16:00:00,19.95
2019-02-22 17:00:00,19.63
2019-02-22 18:00:00,20.53
2019-02-22 19:00:00,22.65
2019-02-22 20:00:00,19.75
2019-02-22 21:00:00,18.71
2019-02-22 22:00:00,17.56
2019-02-22 23:00:00,15.84
2019-02-23 00:00:00,14.62
2019-02-23 01:00:00,13.06
2019-02-23 02:00:00,7.06
2019-02-23 03:00:00,7.09
2019-02-23 04:00:00,8.04
2019-02-23 05:00:00,10.51
2019-02-23 06:00:00,14.23
2019-02-23 07:00:00,16.76
2019-02-23 08:00:00,18.11
2019-02-23 09:00:00,17.32
2019-02-23 10:00:00,16.85
2019-02-23 11:00:00,16.54
2019-02-23 12:00:00,15.57
2019-02-23 13:00:00,15.07
2019-02-23 14:00:00,14.22
2019-02-23 15:00:00,13.92
2019-02-23 16:00:00,14.74
2019-02-23 17:00:00,14.12
2019-02-23 18:00:00,16.46
2019-02-23 19:00:00,22.51
2019-02-23 20:00:00,24.64
2019-02-23 21:00:00,28.25
2019-02-23 22:00:00,30.99
2019-02-23 23:00:00,23.39
2019-02-24 00:00:00,20.77
2019-02-24 01:00:00,21.78
2019-02-24 02:00:00,20.91
2019-02-24 03:00:00,21.09
2019-02-24 04:00:00,20.94
2019-02-24 05:00:00,20.94
2019-02-24 06:00:00,22.14
2019-02-24 07:00:00,25.0
2019-02-24 08:00:00,28.63
2019-02-24 09:00:00,39.15
2019-02-24 10:00:00,36.3
2019-02-24 11:00:00,27.22
2019-02-24 12:00:00,22.97
2019-02-24 13:00:00,22.11
2019-02-24 14:00:00,20.84
2019-02-24 15:00:00,19.9
2019-02-24 16:00:00,18.82
2019-02-24 17:00:00,18.8
2019-02-24 18:00:00,20.44
2019-02-24 19:00:00,24.01
2019-02-24 20:00:00,19.0
2019-02-24 21:00:00,18.65
2019-02-24 22:00:00,17.0
2019-02-24 23:00:00,17.15
2019-02-25 00:00:00,15.93
2019-02-25 01:00:00,12.08
2019-02-25 02:00:00,13.95
2019-02-25 03:00:00,12.54
2019-02-25 04:00:00,13.67
2019-02-25 05:00:00,15.7
2019-02-25 06:00:00,16.47
2019-02-25 07:00:00,30.21
2019-02-25 08:00:00,28.8
2019-02-25 09:00:00,24.24
2019-02-25 10:00:00,19.66
2019-02-25 11:00:00,17.48
2019-02-25 12:00:00,15.37
2019-02-25 13:00:00,15.66
2019-02-25 14:00:00,15.83
2019-02-25 15:00:00,15.72
2019-02-25 16:00:00,15.57
2019-02-25 17:00:00,15.96
2019-02-25 18:00:00,19.0
2019-02-25 19:00:00,25.47
2019-02-25 20:00:00,19.29
2019-02-25 21:00:00,17.55
2019-02-25 22:00:00,16.26
2019-02-25 23:00:00,15.28
2019-02-26 00:00:00,15.76
2019-02-26 01:00:00,16.18
2019-02-26 02:00:00,12.0
2019-02-26 03:00:00,12.05
2019-02-26 04:00:00,14.17
2019-02-26 05:00:00,17.11
2019-02-26 06:00:00,17.34
2019-02-26 07:00:00,22.06
2019-02-26 08:00:00,21.11
2019-02-26 09:00:00,21.77
2019-02-26 10:00:00,22.19
2019-02-26 11:00:00,22.49
2019-02-26 12:00:00,22.43
2019-02-26 13:00:00,23.46
2019-02-26 14:00:00,22.93
2019-02-26 15:00:00,22.65
2019-02-26 16:00:00,22.01
2019-02-26 17:00:00,21.87
2019-02-26 18:00:00,24.46
2019-02-26 19:00:00,40.85
2019-02-26 20:00:00,21.73
2019-02-26 21:00:00,20.43
2019-02-26 22:00:00,19.45
2019-02-26 23:00:00,19.35
2019-02-27 00:00:00,17.67
2019-02-27 01:00:00,15.94
2019-02-27 02:00:00,14.21
2019-02-27 03:00:00,15.59
2019-02-27 04:00:00,15.61
2019-02-27 05:00:00,18.48
2019-02-27 06:00:00,18.91
2019-02-27 07:00:00,23.71
2019-02-27 08:00:00,21.67
2019-02-27 09:00:00,21.78
2019-02-27 10:00:00,22.79
2019-02-27 11:00:00,23.06
2019-02-27 12:00:00,23.74
2019-02-27 13:00:00,23.79
2019-02-27 14:00:00,23.25
2019-02-27 15:00:00,22.43
2019-02-27 16:00:00,22.83
2019-02-27 17:00:00,22.15
2019-02-27 18:00:00,22.27
2019-02-27 19:00:00,36.83
2019-02-27 20:00:00,25.39
2019-02-27 21:00:00,22.42
2019-02-27 22:00:00,22.68
2019-02-27 23:00:00,21.03
2019-02-28 00:00:00,19.89
2019-02-28 01:00:00,19.61
2019-02-28 02:00:00,19.3
2019-02-28 03:00:00,20.08
2019-02-28 04:00:00,19.92
2019-02-28 05:00:00,19.86
2019-02-28 06:00:00,22.7
2019-02-28 07:00:00,41.75
2019-02-28 08:00:00,31.81
2019-02-28 09:00:00,32.36
2019-02-28 10:00:00,34.5
2019-02-28 11:00:00,34.5
2019-02-28 12:00:00,32.5
2019-02-28 13:00:00,28.12
2019-02-28 14:00:00,25.75
2019-02-28 15:00:00,24.13
2019-02-28 16:00:00,23.34
2019-02-28 17:00:00,24.67
2019-02-28 18:00:00,27.56
2019-02-28 19:00:00,41.28
2019-02-28 20:00:00,26.81
2019-02-28 21:00:00,24.61
2019-02-28 22:00:00,23.35
2019-02-28 23:00:00,20.94
2019-03-01 00:00:00,19.51
2019-03-01 01:00:00,19.52
2019-03-01 02:00:00,19.48
2019-03-01 03:00:00,19.35
2019-03-01 04:00:00,18.64
2019-03-01 05:00:00,19.38
2019-03-01 06:00:00,22.16
2019-03-01 07:00:00,41.0
2019-03-01 08:00:00,30.16
2019-03-01 09:00:00,27.85
2019-03-01 10:00:00,37.25
2019-03-01 11:00:00,28.57
2019-03-01 12:00:00,25.74
2019-03-01 13:00:00,25.56
2019-03-01 14:00:00,25.3
2019-03-01 15:00:00,22.89
2019-03-01 16:00:00,23.21
2019-03-01 17:00:00,23.1
2019-03-01 18:00:00,24.98
2019-03-01 19:00:00,42.45
2019-03-01 20:00:00,26.2
2019-03-01 21:00:00,25.92
2019-03-01 22:00:00,25.85
2019-03-01 23:00:00,20.57
2019-03-02 00:00:00,20.81
2019-03-02 01:00:00,20.59
2019-03-02 02:00:00,19.4
2019-03-02 03:00:00,18.57
2019-03-02 04:00:00,18.91
2019-03-02 05:00:00,19.69
2019-03-02 06:00:00,20.38
2019-03-02 07:00:00,22.1
2019-03-02 08:00:00,24.47
2019-03-02 09:00:00,27.9
2019-03-02 10:00:00,34.24
2019-03-02 11:00:00,30.82
2019-03-02 12:00:00,28.76
2019-03-02 13:00:00,26.1
2019-03-02 14:00:00,23.71
2019-03-02 15:00:00,22.99
2019-03-02 16:00:00,23.39
2019-03-02 17:00:00,21.19
2019-03-02 18:00:00,23.45
2019-03-02 19:00:00,29.02
2019-03-02 20:00:00,24.22
2019-03-02 21:00:00,24.02
2019-03-02 22:00:00,23.88
2019-03-02 23:00:00,22.53
2019-03-03 00:00:00,21.65
2019-03-03 01:00:00,23.25
2019-03-03 02:00:00,22.11
2019-03-03 03:00:00,21.85
2019-03-03 04:00:00,19.98
2019-03-03 05:00:00,21.61
2019-03-03 06:00:00,17.51
2019-03-03 07:00:00,20.91
2019-03-03 08:00:00,21.62
2019-03-03 09:00:00,21.69
2019-03-03 10:00:00,21.87
2019-03-03 11:00:00,21.2
2019-03-03 12:00:00,21.61
2019-03-03 13:00:00,23.04
2019-03-03 14:00:00,22.34
2019-03-03 15:00:00,22.71
2019-03-03 16:00:00,22.79
2019-03-03 17:00:00,23.17
2019-03-03 18:00:00,25.0
2019-03-03 19:00:00,29.32
2019-03-03 20:00:00,30.76
2019-03-03 21:00:00,31.05
2019-03-03 22:00:00,30.91
2019-03-03 23:00:00,24.17
2019-03-04 00:00:00,23.87
2019-03-04 01:00:00,21.62
2019-03-04 02:00:00,22.08
2019-03-04 03:00:00,22.52
2019-03-04 04:00:00,23.27
2019-03-04 05:00:00,27.51
2019-03-04 06:00:00,34.86
2019-03-04 07:00:00,70.83
2019-03-04 08:00:00,66.08
2019-03-04 09:00:00,59.7
2019-03-04 10:00:00,62.14
2019-03-04 11:00:00,56.0
2019-03-04 12:00:00,51.53
2019-03-04 13:00:00,43.4
2019-03-04 14:00:00,40.17
2019-03-04 15:00:00,37.43
2019-03-04 16:00:00,39.01
2019-03-04 17:00:00,42.51
2019-03-04 18:00:00,90.48
2019-03-04 19:00:00,167.16
2019-03-04 20:00:00,116.96
2019-03-04 21:00:00,95.91
2019-03-04 22:00:00,60.0
2019-03-04 23:00:00,39.96
2019-03-05 00:00:00,33.65
2019-03-05 01:00:00,33.48
2019-03-05 02:00:00,34.4
2019-03-05 03:00:00,36.11
2019-03-05 04:00:00,35.38
2019-03-05 05:00:00,42.43
2019-03-05 06:00:00,77.37
2019-03-05 07:00:00,676.5
2019-03-05 08:00:00,570.44
2019-03-05 09:00:00,217.33
2019-03-05 10:00:00,80.04
2019-03-05 11:00:00,50.0
2019-03-05 12:00:00,43.98
2019-03-05 13:00:00,36.66
2019-03-05 14:00:00,32.45
2019-03-05 15:00:00,31.0
2019-03-05 16:00:00,30.9
2019-03-05 17:00:00,33.23
2019-03-05 18:00:00,36.97
2019-03-05 19:00:00,54.63
2019-03-05 20:00:00,50.0
2019-03-05 21:00:00,43.55
2019-03-05 22:00:00,38.99
2019-03-05 23:00:00,33.05
2019-03-06 00:00:00,31.72
2019-03-06 01:00:00,25.52
2019-03-06 02:00:00,25.41
2019-03-06 03:00:00,25.21
2019-03-06 04:00:00,24.7
2019-03-06 05:00:00,27.59
2019-03-06 06:00:00,36.65
2019-03-06 07:00:00,95.91
2019-03-06 08:00:00,51.58
2019-03-06 09:00:00,34.85
2019-03-06 10:00:00,31.98
2019-03-06 11:00:00,29.07
2019-03-06 12:00:00,25.53
2019-03-06 13:00:00,22.97
2019-03-06 14:00:00,20.94
2019-03-06 15:00:00,20.31
2019-03-06 16:00:00,19.62
2019-03-06 17:00:00,20.39
2019-03-06 18:00:00,23.0
2019-03-06 19:00:00,31.95
2019-03-06 20:00:00,29.8
2019-03-06 21:00:00,23.88
2019-03-06 22:00:00,23.14
2019-03-06 23:00:00,23.53
2019-03-07 00:00:00,22.63
2019-03-07 01:00:00,16.12
2019-03-07 02:00:00,15.62
2019-03-07 03:00:00,15.05
2019-03-07 04:00:00,15.05
2019-03-07 05:00:00,16.3
2019-03-07 06:00:00,19.95
2019-03-07 07:00:00,31.19
2019-03-07 08:00:00,35.45
2019-03-07 09:00:00,31.2
2019-03-07 10:00:00,29.01
2019-03-07 11:00:00,26.25
2019-03-07 12:00:00,24.41
2019-03-07 13:00:00,22.26
2019-03-07 14:00:00,20.05
2019-03-07 15:00:00,20.43
2019-03-07 16:00:00,20.08
2019-03-07 17:00:00,20.54
2019-03-07 18:00:00,20.68
2019-03-07 19:00:00,25.59
2019-03-07 20:00:00,22.71
2019-03-07 21:00:00,21.76
2019-03-07 22:00:00,20.29
2019-03-07 23:00:00,15.55
2019-03-08 00:00:00,15.02
2019-03-08 01:00:00,14.43
2019-03-08 02:00:00,13.6
2019-03-08 03:00:00,13.02
2019-03-08 04:00:00,14.49
2019-03-08 05:00:00,16.01
2019-03-08 06:00:00,19.66
2019-03-08 07:00:00,25.06
2019-03-08 08:00:00,22.7
2019-03-08 09:00:00,23.9
2019-03-08 10:00:00,29.16
2019-03-08 11:00:00,34.93
2019-03-08 12:00:00,34.5
2019-03-08 13:00:00,28.37
2019-03-08 14:00:00,26.56
2019-03-08 15:00:00,23.32
2019-03-08 16:00:00,25.01
2019-03-08 17:00:00,22.16
2019-03-08 18:00:00,22.8
2019-03-08 19:00:00,23.84
2019-03-08 20:00:00,23.9
2019-03-08 21:00:00,21.68
2019-03-08 22:00:00,20.14
2019-03-08 23:00:00,17.24
2019-03-09 00:00:00,14.15
2019-03-09 01:00:00,15.09
2019-03-09 02:00:00,14.11
2019-03-09 03:00:00,13.92
2019-03-09 04:00:00,12.42
2019-03-09 05:00:00,12.0
2019-03-09 06:00:00,15.05
2019-03-09 07:00:00,13.5
2019-03-09 08:00:00,16.79
2019-03-09 09:00:00,23.29
2019-03-09 10:00:00,24.78
2019-03-09 11:00:00,26.23
2019-03-09 12:00:00,28.08
2019-03-09 13:00:00,30.36
2019-03-09 14:00:00,27.7
2019-03-09 15:00:00,28.36
2019-03-09 16:00:00,31.57
2019-03-09 17:00:00,35.82
2019-03-09 18:00:00,36.6
2019-03-09 19:00:00,45.0
2019-03-09 20:00:00,44.59
2019-03-09 21:00:00,30.69
2019-03-09 22:00:00,29.23
2019-03-09 23:00:00,27.4
2019-03-10 00:00:00,22.61
2019-03-10 01:00:00,25.41
2019-03-10 02:00:00,20.19
2019-03-10 04:00:00,18.65
2019-03-10 05:00:00,19.11
2019-03-10 06:00:00,19.16
2019-03-10 07:00:00,21.4
2019-03-10 08:00:00,22.19
2019-03-10 09:00:00,26.29
2019-03-10 10:00:00,26.58
2019-03-10 11:00:00,27.42
2019-03-10 12:00:00,28.14
2019-03-10 13:00:00,28.45
2019-03-10 14:00:00,28.35
2019-03-10 15:00:00,25.0
2019-03-10 16:00:00,25.0
2019-03-10 17:00:00,28.26
2019-03-10 18:00:00,27.73
2019-03-10 19:00:00,33.28
2019-03-10 20:00:00,45.0
2019-03-10 21:00:00,32.93
2019-03-10 22:00:00,28.27
2019-03-10 23:00:00,24.39
2019-03-11 00:00:00,22.42
2019-03-11 01:00:00,18.58
2019-03-11 02:00:00,18.42
2019-03-11 03:00:00,18.93
2019-03-11 04:00:00,18.26
2019-03-11 05:00:00,19.07
2019-03-11 06:00:00,22.19
2019-03-11 07:00:00,32.54
2019-03-11 08:00:00,35.96
2019-03-11 09:00:00,29.24
2019-03-11 10:00:00,31.64
2019-03-11 11:00:00,37.07
2019-03-11 12:00:00,38.16
2019-03-11 13:00:00,30.75
2019-03-11 14:00:00,30.48
2019-03-11 15:00:00,28.18
2019-03-11 16:00:00,28.2
2019-03-11 17:00:00,29.43
2019-03-11 18:00:00,30.07
2019-03-11 19:00:00,43.51
2019-03-11 20:00:00,46.03
2019-03-11 21:00:00,32.65
2019-03-11 22:00:00,27.16
2019-03-11 23:00:00,21.97
2019-03-12 00:00:00,21.15
2019-03-12 01:00:00,20.38
2019-03-12 02:00:00,19.84
2019-03-12 03:00:00,18.5
2019-03-12 04:00:00,18.1
2019-03-12 05:00:00,18.3
2019-03-12 06:00:00,19.74
2019-03-12 07:00:00,30.46
2019-03-12 08:00:00,31.23
2019-03-12 09:00:00,27.26
2019-03-12 10:00:00,34.99
2019-03-12 11:00:00,27.13
2019-03-12 12:00:00,24.91
2019-03-12 13:00:00,24.18
2019-03-12 14:00:00,22.41
2019-03-12 15:00:00,21.36
2019-03-12 16:00:00,20.78
2019-03-12 17:00:00,19.95
2019-03-12 18:00:00,21.08
2019-03-12 19:00:00,24.82
2019-03-12 20:00:00,23.66
2019-03-12 21:00:00,21.99
2019-03-12 22:00:00,18.94
2019-03-12 23:00:00,18.77
2019-03-13 00:00:00,15.9
2019-03-13 01:00:00,12.63
2019-03-13 02:00:00,11.67
2019-03-13 03:00:00,11.0
2019-03-13 04:00:00,11.11
2019-03-13 05:00:00,11.22
2019-03-13 06:00:00,13.58
2019-03-13 07:00:00,18.39
2019-03-13 08:00:00,19.92
2019-03-13 09:00:00,20.56
2019-03-13 10:00:00,20.59
2019-03-13 11:00:00,21.66
2019-03-13 12:00:00,21.45
2019-03-13 13:00:00,20.58
2019-03-13 14:00:00,24.57
2019-03-13 15:00:00,23.08
2019-03-13 16:00:00,23.19
2019-03-13 17:00:00,22.73
2019-03-13 18:00:00,23.26
2019-03-13 19:00:00,32.07
2019-03-13 20:00:00,26.02
2019-03-13 21:00:00,24.45
2019-03-13 22:00:00,17.52
2019-03-13 23:00:00,18.0
2019-03-14 00:00:00,13.61
2019-03-14 01:00:00,16.21
2019-03-14 02:00:00,14.87
2019-03-14 03:00:00,13.02
2019-03-14 04:00:00,12.56
2019-03-14 05:00:00,15.08
2019-03-14 06:00:00,18.09
2019-03-14 07:00:00,22.95
2019-03-14 08:00:00,25.82
2019-03-14 09:00:00,26.03
2019-03-14 10:00:00,24.43
2019-03-14 11:00:00,24.14
2019-03-14 12:00:00,24.48
2019-03-14 13:00:00,21.69
2019-03-14 14:00:00,21.94
2019-03-14 15:00:00,21.78
2019-03-14 16:00:00,20.87
2019-03-14 17:00:00,22.45
2019-03-14 18:00:00,23.66
2019-03-14 19:00:00,30.52
2019-03-14 20:00:00,42.27
2019-03-14 21:00:00,34.09
2019-03-14 22:00:00,22.86
2019-03-14 23:00:00,18.77
2019-03-15 00:00:00,17.55
2019-03-15 01:00:00,18.0
2019-03-15 02:00:00,16.46
2019-03-15 03:00:00,16.11
2019-03-15 04:00:00,15.17
2019-03-15 05:00:00,17.26
2019-03-15 06:00:00,20.08
2019-03-15 07:00:00,32.08
2019-03-15 08:00:00,34.38
2019-03-15 09:00:00,31.5
2019-03-15 10:00:00,33.23
2019-03-15 11:00:00,29.36
2019-03-15 12:00:00,26.5
2019-03-15 13:00:00,24.86
2019-03-15 14:00:00,24.96
2019-03-15 15:00:00,24.04
2019-03-15 16:00:00,24.62
2019-03-15 17:00:00,24.89
2019-03-15 18:00:00,28.17
2019-03-15 19:00:00,34.09
2019-03-15 20:00:00,44.78
2019-03-15 21:00:00,45.45
2019-03-15 22:00:00,33.29
2019-03-15 23:00:00,25.61
2019-03-16 00:00:00,22.76
2019-03-16 01:00:00,26.0
2019-03-16 02:00:00,23.97
2019-03-16 03:00:00,23.12
2019-03-16 04:00:00,22.23
2019-03-16 05:00:00,22.22
2019-03-16 06:00:00,25.04
2019-03-16 07:00:00,31.84
2019-03-16 08:00:00,35.0
2019-03-16 09:00:00,47.76
2019-03-16 10:00:00,57.15
2019-03-16 11:00:00,46.89
2019-03-16 12:00:00,36.63
2019-03-16 13:00:00,31.17
2019-03-16 14:00:00,25.97
2019-03-16 15:00:00,24.95
2019-03-16 16:00:00,24.63
2019-03-16 17:00:00,23.93
2019-03-16 18:00:00,26.0
2019-03-16 19:00:00,31.04
2019-03-16 20:00:00,40.38
2019-03-16 21:00:00,37.86
2019-03-16 22:00:00,31.84
2019-03-16 23:00:00,28.87
2019-03-17 00:00:00,25.55
2019-03-17 01:00:00,23.82
2019-03-17 02:00:00,23.18
2019-03-17 03:00:00,21.61
2019-03-17 04:00:00,21.6
2019-03-17 05:00:00,22.25
2019-03-17 06:00:00,22.86
2019-03-17 07:00:00,27.04
2019-03-17 08:00:00,32.57
2019-03-17 09:00:00,43.44
2019-03-17 10:00:00,47.97
2019-03-17 11:00:00,35.55
2019-03-17 12:00:00,29.9
2019-03-17 13:00:00,25.33
2019-03-17 14:00:00,23.34
2019-03-17 15:00:00,22.51
2019-03-17 16:00:00,22.41
2019-03-17 17:00:00,22.28
2019-03-17 18:00:00,24.62
2019-03-17 19:00:00,27.8
2019-03-17 20:00:00,38.63
2019-03-17 21:00:00,36.09
2019-03-17 22:00:00,27.8
2019-03-17 23:00:00,24.88
2019-03-18 00:00:00,21.23
2019-03-18 01:00:00,21.4
2019-03-18 02:00:00,20.2
2019-03-18 03:00:00,20.63
2019-03-18 04:00:00,21.6
2019-03-18 05:00:00,23.4
2019-03-18 06:00:00,33.93
2019-03-18 07:00:00,81.44
2019-03-18 08:00:00,75.73
2019-03-18 09:00:00,49.76
2019-03-18 10:00:00,50.61
2019-03-18 11:00:00,45.03
2019-03-18 12:00:00,39.94
2019-03-18 13:00:00,30.65
2019-03-18 14:00:00,27.89
2019-03-18 15:00:00,27.02
2019-03-18 16:00:00,26.8
2019-03-18 17:00:00,25.49
2019-03-18 18:00:00,26.67
2019-03-18 19:00:00,28.47
2019-03-18 20:00:00,28.68
2019-03-18 21:00:00,31.44
2019-03-18 22:00:00,24.41
2019-03-18 23:00:00,24.69
2019-03-19 00:00:00,20.96
2019-03-19 01:00:00,15.65
2019-03-19 02:00:00,15.24
2019-03-19 03:00:00,14.87
2019-03-19 04:00:00,15.26
2019-03-19 05:00:00,16.53
2019-03-19 06:00:00,20.71
2019-03-19 07:00:00,38.83
2019-03-19 08:00:00,48.0
2019-03-19 09:00:00,35.47
2019-03-19 10:00:00,33.07
2019-03-19 11:00:00,29.53
2019-03-19 12:00:00,26.01
2019-03-19 13:00:00,24.0
2019-03-19 14:00:00,22.87
2019-03-19 15:00:00,24.84
2019-03-19 16:00:00,24.79
2019-03-19 17:00:00,25.22
2019-03-19 18:00:00,24.52
2019-03-19 19:00:00,30.65
2019-03-19 20:00:00,31.53
2019-03-19 21:00:00,30.39
2019-03-19 22:00:00,25.63
2019-03-19 23:00:00,21.76
2019-03-20 00:00:00,18.24
2019-03-20 01:00:00,15.66
2019-03-20 02:00:00,15.63
2019-03-20 03:00:00,16.69
2019-03-20 04:00:00,16.69
2019-03-20 05:00:00,19.41
2019-03-20 06:00:00,22.63
2019-03-20 07:00:00,34.75
2019-03-20 08:00:00,37.52
2019-03-20 09:00:00,31.14
2019-03-20 10:00:00,28.83
2019-03-20 11:00:00,27.87
2019-03-20 12:00:00,26.57
2019-03-20 13:00:00,24.95
2019-03-20 14:00:00,24.8
2019-03-20 15:00:00,26.0
2019-03-20 16:00:00,26.42
2019-03-20 17:00:00,30.65
2019-03-20 18:00:00,32.68
2019-03-20 19:00:00,42.36
2019-03-20 20:00:00,54.24
2019-03-20 21:00:00,51.54
2019-03-20 22:00:00,29.46
2019-03-20 23:00:00,27.6
2019-03-21 00:00:00,24.62
2019-03-21 01:00:00,20.03
2019-03-21 02:00:00,18.91
2019-03-21 03:00:00,19.42
2019-03-21 04:00:00,18.67
2019-03-21 05:00:00,19.94
2019-03-21 06:00:00,23.05
2019-03-21 07:00:00,47.42
2019-03-21 08:00:00,50.6
2019-03-21 09:00:00,36.04
2019-03-21 10:00:00,36.49
2019-03-21 11:00:00,30.17
2019-03-21 12:00:00,28.66
2019-03-21 13:00:00,25.48
2019-03-21 14:00:00,26.23
2019-03-21 15:00:00,26.3
2019-03-21 16:00:00,28.34
2019-03-21 17:00:00,31.47
2019-03-21 18:00:00,31.75
2019-03-21 19:00:00,34.06
2019-03-21 20:00:00,41.42
2019-03-21 21:00:00,39.48
2019-03-21 22:00:00,26.1
2019-03-21 23:00:00,23.94
2019-03-22 00:00:00,20.14
2019-03-22 01:00:00,15.55
2019-03-22 02:00:00,14.0
2019-03-22 03:00:00,14.32
2019-03-22 04:00:00,14.14
2019-03-22 05:00:00,16.43
2019-03-22 06:00:00,19.54
2019-03-22 07:00:00,28.92
2019-03-22 08:00:00,24.93
2019-03-22 09:00:00,24.55
2019-03-22 10:00:00,27.36
2019-03-22 11:00:00,22.31
2019-03-22 12:00:00,21.53
2019-03-22 13:00:00,21.89
2019-03-22 14:00:00,22.73
2019-03-22 15:00:00,22.77
2019-03-22 16:00:00,22.89
2019-03-22 17:00:00,24.44
2019-03-22 18:00:00,23.91
2019-03-22 19:00:00,22.48
2019-03-22 20:00:00,23.75
2019-03-22 21:00:00,23.95
2019-03-22 22:00:00,21.65
2019-03-22 23:00:00,20.8
2019-03-23 00:00:00,16.26
2019-03-23 01:00:00,14.37
2019-03-23 02:00:00,13.2
2019-03-23 03:00:00,12.76
2019-03-23 04:00:00,13.15
2019-03-23 05:00:00,14.5
2019-03-23 06:00:00,15.85
2019-03-23 07:00:00,18.54
2019-03-23 08:00:00,20.01
2019-03-23 09:00:00,23.45
2019-03-23 10:00:00,24.23
2019-03-23 11:00:00,24.4
2019-03-23 12:00:00,24.39
2019-03-23 13:00:00,23.15
2019-03-23 14:00:00,23.94
2019-03-23 15:00:00,23.58
2019-03-23 16:00:00,23.61
2019-03-23 17:00:00,23.67
2019-03-23 18:00:00,25.08
2019-03-23 19:00:00,25.05
2019-03-23 20:00:00,35.0
2019-03-23 21:00:00,30.48
2019-03-23 22:00:00,23.45
2019-03-23 23:00:00,21.61
2019-03-24 00:00:00,20.21
2019-03-24 01:00:00,16.14
2019-03-24 02:00:00,14.37
2019-03-24 03:00:00,12.61
2019-03-24 04:00:00,11.82
2019-03-24 05:00:00,13.35
2019-03-24 06:00:00,14.58
2019-03-24 07:00:00,15.12
2019-03-24 08:00:00,16.5
2019-03-24 09:00:00,20.4
2019-03-24 10:00:00,21.34
2019-03-24 11:00:00,24.56
2019-03-24 12:00:00,26.08
2019-03-24 13:00:00,27.13
2019-03-24 14:00:00,28.13
2019-03-24 15:00:00,28.38
2019-03-24 16:00:00,31.34
2019-03-24 17:00:00,38.34
2019-03-24 18:00:00,37.18
2019-03-24 19:00:00,38.15
2019-03-24 20:00:00,46.77
2019-03-24 21:00:00,44.42
2019-03-24 22:00:00,28.08
2019-03-24 23:00:00,26.39
2019-03-25 00:00:00,22.13
2019-03-25 01:00:00,20.05
2019-03-25 02:00:00,18.89
2019-03-25 03:00:00,19.44
2019-03-25 04:00:00,18.65
2019-03-25 05:00:00,19.96
2019-03-25 06:00:00,23.04
2019-03-25 07:00:00,29.31
2019-03-25 08:00:00,28.12
2019-03-25 09:00:00,29.35
2019-03-25 10:00:00,28.1
2019-03-25 11:00:00,30.14
2019-03-25 12:00:00,30.72
2019-03-25 13:00:00,32.93
2019-03-25 14:00:00,32.39
2019-03-25 15:00:00,39.05
2019-03-25 16:00:00,45.56
2019-03-25 17:00:00,56.48
2019-03-25 18:00:00,43.91
2019-03-25 19:00:00,43.69
2019-03-25 20:00:00,43.47
2019-03-25 21:00:00,42.0
2019-03-25 22:00:00,29.8
2019-03-25 23:00:00,24.09
2019-03-26 00:00:00,21.1
2019-03-26 01:00:00,15.31
2019-03-26 02:00:00,14.51
2019-03-26 03:00:00,15.56
2019-03-26 04:00:00,14.73
2019-03-26 05:00:00,15.25
2019-03-26 06:00:00,17.98
2019-03-26 07:00:00,24.36
2019-03-26 08:00:00,23.88
2019-03-26 09:00:00,23.98
2019-03-26 10:00:00,25.09
2019-03-26 11:00:00,23.76
2019-03-26 12:00:00,23.53
2019-03-26 13:00:00,23.66
2019-03-26 14:00:00,23.86
2019-03-26 15:00:00,24.66
2019-03-26 16:00:00,25.75
2019-03-26 17:00:00,29.03
2019-03-26 18:00:00,26.77
2019-03-26 19:00:00,25.86
2019-03-26 20:00:00,25.86
2019-03-26 21:00:00,25.05
2019-03-26 22:00:00,19.98
2019-03-26 23:00:00,16.79
2019-03-27 00:00:00,14.68
2019-03-27 01:00:00,12.4
2019-03-27 02:00:00,9.93
2019-03-27 03:00:00,9.48
2019-03-27 04:00:00,9.89
2019-03-27 05:00:00,13.24
2019-03-27 06:00:00,14.92
2019-03-27 07:00:00,32.37
2019-03-27 08:00:00,22.0
2019-03-27 09:00:00,21.48
2019-03-27 10:00:00,25.78
2019-03-27 11:00:00,18.23
2019-03-27 12:00:00,17.56
2019-03-27 13:00:00,17.79
2019-03-27 14:00:00,19.0
2019-03-27 15:00:00,19.0
2019-03-27 16:00:00,19.39
2019-03-27 17:00:00,20.02
2019-03-27 18:00:00,18.83
2019-03-27 19:00:00,20.0
2019-03-27 20:00:00,18.45
2019-03-27 21:00:00,20.0
2019-03-27 22:00:00,18.09
2019-03-27 23:00:00,13.24
2019-03-28 00:00:00,10.68
2019-03-28 01:00:00,10.66
2019-03-28 02:00:00,10.6
2019-03-28 03:00:00,9.35
2019-03-28 04:00:00,8.95
2019-03-28 05:00:00,11.09
2019-03-28 06:00:00,13.91
2019-03-28 07:00:00,19.01
2019-03-28 08:00:00,20.0
2019-03-28 09:00:00,19.01
2019-03-28 10:00:00,19.67
2019-03-28 11:00:00,19.79
2019-03-28 12:00:00,20.73
2019-03-28 13:00:00,21.78
2019-03-28 14:00:00,21.6
2019-03-28 15:00:00,23.63
2019-03-28 16:00:00,23.38
2019-03-28 17:00:00,23.55
2019-03-28 18:00:00,24.56
2019-03-28 19:00:00,24.12
2019-03-28 20:00:00,23.61
2019-03-28 21:00:00,22.79
2019-03-28 22:00:00,21.32
2019-03-28 23:00:00,20.87
2019-03-29 00:00:00,16.82
2019-03-29 01:00:00,13.36
2019-03-29 02:00:00,11.03
2019-03-29 03:00:00,10.62
2019-03-29 04:00:00,10.92
2019-03-29 05:00:00,12.57
2019-03-29 06:00:00,14.71
2019-03-29 07:00:00,22.02
2019-03-29 08:00:00,23.0
2019-03-29 09:00:00,21.95
2019-03-29 10:00:00,20.38
2019-03-29 11:00:00,21.2
2019-03-29 12:00:00,21.72
2019-03-29 13:00:00,22.15
2019-03-29 14:00:00,23.41
2019-03-29 15:00:00,27.56
2019-03-29 16:00:00,31.09
2019-03-29 17:00:00,38.8
2019-03-29 18:00:00,29.66
2019-03-29 19:00:00,25.29
2019-03-29 20:00:00,35.68
2019-03-29 21:00:00,23.87
2019-03-29 22:00:00,20.27
2019-03-29 23:00:00,20.74
2019-03-30 00:00:00,15.97
2019-03-30 01:00:00,13.0
2019-03-30 02:00:00,11.63
2019-03-30 03:00:00,11.01
2019-03-30 04:00:00,9.96
2019-03-30 05:00:00,13.29
2019-03-30 06:00:00,12.08
2019-03-30 07:00:00,10.39
2019-03-30 08:00:00,13.0
2019-03-30 09:00:00,16.23
2019-03-30 10:00:00,19.68
2019-03-30 11:00:00,22.38
2019-03-30 12:00:00,22.87
2019-03-30 13:00:00,21.79
2019-03-30 14:00:00,20.99
2019-03-30 15:00:00,22.47
2019-03-30 16:00:00,21.25
2019-03-30 17:00:00,20.55
2019-03-30 18:00:00,20.65
2019-03-30 19:00:00,22.0
2019-03-30 20:00:00,25.68
2019-03-30 21:00:00,33.76
2019-03-30 22:00:00,22.26
2019-03-30 23:00:00,21.34
2019-03-31 00:00:00,20.16
2019-03-31 01:00:00,19.85
2019-03-31 02:00:00,19.09
2019-03-31 03:00:00,18.35
2019-03-31 04:00:00,18.67
2019-03-31 05:00:00,18.99
2019-03-31 06:00:00,18.97
2019-03-31 07:00:00,20.64
2019-03-31 08:00:00,22.81
2019-03-31 09:00:00,24.96
2019-03-31 10:00:00,30.33
2019-03-31 11:00:00,30.41
2019-03-31 12:00:00,29.59
2019-03-31 13:00:00,27.44
2019-03-31 14:00:00,25.1
2019-03-31 15:00:00,22.11
2019-03-31 16:00:00,21.82
2019-03-31 17:00:00,23.37
2019-03-31 18:00:00,25.97
2019-03-31 19:00:00,29.11
2019-03-31 20:00:00,41.45
2019-03-31 21:00:00,50.0
2019-03-31 22:00:00,32.21
2019-03-31 23:00:00,26.3
2019-04-01 00:00:00,25.55
2019-04-01 01:00:00,22.84
2019-04-01 02:00:00,22.05
2019-04-01 03:00:00,22.28
2019-04-01 04:00:00,23.19
2019-04-01 05:00:00,25.26
2019-04-01 06:00:00,34.69
2019-04-01 07:00:00,95.18
2019-04-01 08:00:00,80.0
2019-04-01 09:00:00,54.61
2019-04-01 10:00:00,45.12
2019-04-01 11:00:00,34.63
2019-04-01 12:00:00,31.12
2019-04-01 13:00:00,26.44
2019-04-01 14:00:00,25.55
2019-04-01 15:00:00,23.62
2019-04-01 16:00:00,23.29
2019-04-01 17:00:00,24.24
2019-04-01 18:00:00,26.07
2019-04-01 19:00:00,31.9
2019-04-01 20:00:00,43.0
2019-04-01 21:00:00,38.78
2019-04-01 22:00:00,24.51
2019-04-01 23:00:00,21.5
2019-04-02 00:00:00,19.04
2019-04-02 01:00:00,16.18
2019-04-02 02:00:00,13.99
2019-04-02 03:00:00,12.66
2019-04-02 04:00:00,12.47
2019-04-02 05:00:00,14.93
2019-04-02 06:00:00,21.2
2019-04-02 07:00:00,42.03
2019-04-02 08:00:00,37.34
2019-04-02 09:00:00,24.91
2019-04-02 10:00:00,23.25
2019-04-02 11:00:00,19.95
2019-04-02 12:00:00,19.11
2019-04-02 13:00:00,18.53
2019-04-02 14:00:00,19.21
2019-04-02 15:00:00,19.46
2019-04-02 16:00:00,18.22
2019-04-02 17:00:00,19.96
2019-04-02 18:00:00,18.85
2019-04-02 19:00:00,17.99
2019-04-02 20:00:00,17.99
2019-04-02 21:00:00,19.0
2019-04-02 22:00:00,15.94
2019-04-02 23:00:00,14.73
2019-04-03 00:00:00,11.62
2019-04-03 01:00:00,8.76
2019-04-03 02:00:00,7.09
2019-04-03 03:00:00,5.53
2019-04-03 04:00:00,5.58
2019-04-03 05:00:00,6.43
2019-04-03 06:00:00,15.26
2019-04-03 07:00:00,26.4
2019-04-03 08:00:00,21.13
2019-04-03 09:00:00,19.09
2019-04-03 10:00:00,19.97
2019-04-03 11:00:00,19.08
2019-04-03 12:00:00,18.89
2019-04-03 13:00:00,18.5
2019-04-03 14:00:00,19.27
2019-04-03 15:00:00,18.7
2019-04-03 16:00:00,19.19
2019-04-03 17:00:00,18.98
2019-04-03 18:00:00,16.51
2019-04-03 19:00:00,18.0
2019-04-03 20:00:00,19.92
2019-04-03 21:00:00,21.34
2019-04-03 22:00:00,16.69
2019-04-03 23:00:00,12.26
2019-04-04 00:00:00,9.06
2019-04-04 01:00:00,12.35
2019-04-04 02:00:00,11.12
2019-04-04 03:00:00,8.84
2019-04-04 04:00:00,9.07
2019-04-04 05:00:00,13.35
2019-04-04 06:00:00,17.29
2019-04-04 07:00:00,22.46
2019-04-04 08:00:00,26.47
2019-04-04 09:00:00,24.96
2019-04-04 10:00:00,21.41
2019-04-04 11:00:00,22.67
2019-04-04 12:00:00,28.7
2019-04-04 13:00:00,30.49
2019-04-04 14:00:00,39.45
2019-04-04 15:00:00,41.64
2019-04-04 16:00:00,64.69
2019-04-04 17:00:00,87.38
2019-04-04 18:00:00,70.87
2019-04-04 19:00:00,38.84
2019-04-04 20:00:00,44.87
2019-04-04 21:00:00,37.35
2019-04-04 22:00:00,24.89
2019-04-04 23:00:00,27.73
2019-04-05 00:00:00,21.0
2019-04-05 01:00:00,18.49
2019-04-05 02:00:00,17.04
2019-04-05 03:00:00,16.44
2019-04-05 04:00:00,14.14
2019-04-05 05:00:00,16.42
2019-04-05 06:00:00,18.52
2019-04-05 07:00:00,22.65
2019-04-05 08:00:00,21.26
2019-04-05 09:00:00,22.14
2019-04-05 10:00:00,25.42
2019-04-05 11:00:00,25.39
2019-04-05 12:00:00,23.63
2019-04-05 13:00:00,24.56
2019-04-05 14:00:00,26.96
2019-04-05 15:00:00,32.6
2019-04-05 16:00:00,33.72
2019-04-05 17:00:00,36.94
2019-04-05 18:00:00,29.16
2019-04-05 19:00:00,22.45
2019-04-05 20:00:00,23.44
2019-04-05 21:00:00,22.44
2019-04-05 22:00:00,19.24
2019-04-05 23:00:00,19.5
2019-04-06 00:00:00,18.51
2019-04-06 01:00:00,16.25
2019-04-06 02:00:00,16.66
2019-04-06 03:00:00,15.75
2019-04-06 04:00:00,15.21
2019-04-06 05:00:00,17.93
2019-04-06 06:00:00,20.2
2019-04-06 07:00:00,18.62
2019-04-06 08:00:00,18.26
2019-04-06 09:00:00,20.06
2019-04-06 10:00:00,21.86
2019-04-06 11:00:00,23.45
2019-04-06 12:00:00,22.97
2019-04-06 13:00:00,20.78
2019-04-06 14:00:00,20.0
2019-04-06 15:00:00,22.54
2019-04-06 16:00:00,23.33
2019-04-06 17:00:00,27.34
2019-04-06 18:00:00,27.46
2019-04-06 19:00:00,27.31
2019-04-06 20:00:00,27.57
2019-04-06 21:00:00,27.5
2019-04-06 22:00:00,18.96
2019-04-06 23:00:00,19.1
2019-04-07 00:00:00,17.9
2019-04-07 01:00:00,19.0
2019-04-07 02:00:00,17.54
2019-04-07 03:00:00,16.92
2019-04-07 04:00:00,16.33
2019-04-07 05:00:00,16.85
2019-04-07 06:00:00,18.07
2019-04-07 07:00:00,17.64
2019-04-07 08:00:00,19.21
2019-04-07 09:00:00,20.6
2019-04-07 10:00:00,21.0
2019-04-07 11:00:00,21.68
2019-04-07 12:00:00,22.04
2019-04-07 13:00:00,21.0
2019-04-07 14:00:00,21.16
2019-04-07 15:00:00,24.43
2019-04-07 16:00:00,24.89
2019-04-07 17:00:00,28.07
2019-04-07 18:00:00,30.85
2019-04-07 19:00:00,30.5
2019-04-07 20:00:00,37.15
2019-04-07 21:00:00,43.15
2019-04-07 22:00:00,27.49
2019-04-07 23:00:00,27.35
2019-04-08 00:00:00,21.51
2019-04-08 01:00:00,19.0
2019-04-08 02:00:00,17.97
2019-04-08 03:00:00,17.47
2019-04-08 04:00:00,17.57
2019-04-08 05:00:00,18.73
2019-04-08 06:00:00,21.79
2019-04-08 07:00:00,26.39
2019-04-08 08:00:00,21.25
2019-04-08 09:00:00,22.58
2019-04-08 10:00:00,25.97
2019-04-08 11:00:00,27.06
2019-04-08 12:00:00,30.94
2019-04-08 13:00:00,32.51
2019-04-08 14:00:00,37.54
2019-04-08 15:00:00,46.89
2019-04-08 16:00:00,73.52
2019-04-08 17:00:00,93.63
2019-04-08 18:00:00,80.87
2019-04-08 19:00:00,49.91
2019-04-08 20:00:00,50.04
2019-04-08 21:00:00,43.97
2019-04-08 22:00:00,32.91
2019-04-08 23:00:00,27.13
2019-04-09 00:00:00,21.3
2019-04-09 01:00:00,20.17
2019-04-09 02:00:00,18.2
2019-04-09 03:00:00,16.69
2019-04-09 04:00:00,16.17
2019-04-09 05:00:00,16.87
2019-04-09 06:00:00,19.12
2019-04-09 07:00:00,21.1
2019-04-09 08:00:00,20.9
2019-04-09 09:00:00,20.82
2019-04-09 10:00:00,24.5
2019-04-09 11:00:00,28.0
2019-04-09 12:00:00,29.5
2019-04-09 13:00:00,31.06
2019-04-09 14:00:00,38.01
2019-04-09 15:00:00,46.77
2019-04-09 16:00:00,89.81
2019-04-09 17:00:00,100.8
2019-04-09 18:00:00,97.11
2019-04-09 19:00:00,37.24
2019-04-09 20:00:00,32.0
2019-04-09 21:00:00,20.59
2019-04-09 22:00:00,17.85
2019-04-09 23:00:00,16.45
2019-04-10 00:00:00,13.16
2019-04-10 01:00:00,12.81
2019-04-10 02:00:00,10.48
2019-04-10 03:00:00,8.53
2019-04-10 04:00:00,7.84
2019-04-10 05:00:00,8.99
2019-04-10 06:00:00,11.39
2019-04-10 07:00:00,16.96
2019-04-10 08:00:00,16.55
2019-04-10 09:00:00,15.91
2019-04-10 10:00:00,17.4
2019-04-10 11:00:00,18.0
2019-04-10 12:00:00,19.95
2019-04-10 13:00:00,20.43
2019-04-10 14:00:00,24.91
2019-04-10 15:00:00,24.08
2019-04-10 16:00:00,44.43
2019-04-10 17:00:00,65.5
2019-04-10 18:00:00,53.09
2019-04-10 19:00:00,40.5
2019-04-10 20:00:00,31.75
2019-04-10 21:00:00,29.76
2019-04-10 22:00:00,24.78
2019-04-10 23:00:00,23.72
2019-04-11 00:00:00,19.34
2019-04-11 01:00:00,12.39
2019-04-11 02:00:00,9.0
2019-04-11 03:00:00,6.49
2019-04-11 04:00:00,6.45
2019-04-11 05:00:00,6.79
2019-04-11 06:00:00,12.67
2019-04-11 07:00:00,20.88
2019-04-11 08:00:00,17.16
2019-04-11 09:00:00,17.25
2019-04-11 10:00:00,17.25
2019-04-11 11:00:00,19.84
2019-04-11 12:00:00,21.11
2019-04-11 13:00:00,22.37
2019-04-11 14:00:00,24.9
2019-04-11 15:00:00,32.06
2019-04-11 16:00:00,34.05
2019-04-11 17:00:00,49.57
2019-04-11 18:00:00,40.78
2019-04-11 19:00:00,29.64
2019-04-11 20:00:00,35.68
2019-04-11 21:00:00,34.14
2019-04-11 22:00:00,23.32
2019-04-11 23:00:00,22.31
2019-04-12 00:00:00,19.81
2019-04-12 01:00:00,19.11
2019-04-12 02:00:00,17.58
2019-04-12 03:00:00,16.3
2019-04-12 04:00:00,15.95
2019-04-12 05:00:00,17.14
2019-04-12 06:00:00,24.29
2019-04-12 07:00:00,27.37
2019-04-12 08:00:00,21.65
2019-04-12 09:00:00,21.83
2019-04-12 10:00:00,24.21
2019-04-12 11:00:00,23.6
2019-04-12 12:00:00,22.33
2019-04-12 13:00:00,22.03
2019-04-12 14:00:00,23.29
2019-04-12 15:00:00,27.59
2019-04-12 16:00:00,27.39
2019-04-12 17:00:00,43.41
2019-04-12 18:00:00,29.55
2019-04-12 19:00:00,21.59
2019-04-12 20:00:00,20.6
2019-04-12 21:00:00,18.86
2019-04-12 22:00:00,17.57
2019-04-12 23:00:00,19.55
2019-04-13 00:00:00,17.89
2019-04-13 01:00:00,16.47
2019-04-13 02:00:00,15.29
2019-04-13 03:00:00,13.52
2019-04-13 04:00:00,12.4
2019-04-13 05:00:00,12.5
2019-04-13 06:00:00,14.55
2019-04-13 07:00:00,16.39
2019-04-13 08:00:00,17.08
2019-04-13 09:00:00,18.25
2019-04-13 10:00:00,19.41
2019-04-13 11:00:00,21.57
2019-04-13 12:00:00,20.52
2019-04-13 13:00:00,19.33
2019-04-13 14:00:00,18.0
2019-04-13 15:00:00,17.32
2019-04-13 16:00:00,19.48
2019-04-13 17:00:00,20.54
2019-04-13 18:00:00,19.51
2019-04-13 19:00:00,18.45
2019-04-13 20:00:00,21.81
2019-04-13 21:00:00,24.47
2019-04-13 22:00:00,21.1
2019-04-13 23:00:00,19.19
2019-04-14 00:00:00,16.81
2019-04-14 01:00:00,17.74
2019-04-14 02:00:00,17.45
2019-04-14 03:00:00,17.23
2019-04-14 04:00:00,17.18
2019-04-14 05:00:00,17.8
2019-04-14 06:00:00,19.25
2019-04-14 07:00:00,22.53
2019-04-14 08:00:00,23.4
2019-04-14 09:00:00,29.2
2019-04-14 10:00:00,31.31
2019-04-14 11:00:00,29.66
2019-04-14 12:00:00,28.61
2019-04-14 13:00:00,23.59
2019-04-14 14:00:00,22.51
2019-04-14 15:00:00,20.18
2019-04-14 16:00:00,19.67
2019-04-14 17:00:00,20.0
2019-04-14 18:00:00,20.33
2019-04-14 19:00:00,21.0
2019-04-14 20:00:00,23.34
2019-04-14 21:00:00,21.89
2019-04-14 22:00:00,17.35
2019-04-14 23:00:00,15.7
2019-04-15 00:00:00,12.0
2019-04-15 01:00:00,10.26
2019-04-15 02:00:00,8.53
2019-04-15 03:00:00,6.85
2019-04-15 04:00:00,7.14
2019-04-15 05:00:00,8.95
2019-04-15 06:00:00,12.99
2019-04-15 07:00:00,18.94
2019-04-15 08:00:00,19.4
2019-04-15 09:00:00,17.12
2019-04-15 10:00:00,17.79
2019-04-15 11:00:00,16.43
2019-04-15 12:00:00,15.97
2019-04-15 13:00:00,15.61
2019-04-15 14:00:00,18.25
2019-04-15 15:00:00,20.25
2019-04-15 16:00:00,19.94
2019-04-15 17:00:00,21.44
2019-04-15 18:00:00,23.97
2019-04-15 19:00:00,25.28
2019-04-15 20:00:00,20.38
2019-04-15 21:00:00,18.58
2019-04-15 22:00:00,14.69
2019-04-15 23:00:00,11.85
2019-04-16 00:00:00,9.12
2019-04-16 01:00:00,10.0
2019-04-16 02:00:00,8.0
2019-04-16 03:00:00,7.99
2019-04-16 04:00:00,8.23
2019-04-16 05:00:00,9.76
2019-04-16 06:00:00,12.73
2019-04-16 07:00:00,18.93
2019-04-16 08:00:00,19.5
2019-04-16 09:00:00,18.26
2019-04-16 10:00:00,20.74
2019-04-16 11:00:00,20.57
2019-04-16 12:00:00,20.49
2019-04-16 13:00:00,20.17
2019-04-16 14:00:00,22.0
2019-04-16 15:00:00,22.52
2019-04-16 16:00:00,26.68
2019-04-16 17:00:00,24.4
2019-04-16 18:00:00,23.0
2019-04-16 19:00:00,21.63
2019-04-16 20:00:00,19.71
2019-04-16 21:00:00,19.5
2019-04-16 22:00:00,18.21
2019-04-16 23:00:00,15.62
2019-04-17 00:00:00,10.02
2019-04-17 01:00:00,10.08
2019-04-17 02:00:00,9.63
2019-04-17 03:00:00,8.13
2019-04-17 04:00:00,8.87
2019-04-17 05:00:00,8.7
2019-04-17 06:00:00,16.0
2019-04-17 07:00:00,20.0
2019-04-17 08:00:00,20.05
2019-04-17 09:00:00,18.95
2019-04-17 10:00:00,19.82
2019-04-17 11:00:00,21.76
2019-04-17 12:00:00,22.0
2019-04-17 13:00:00,22.0
2019-04-17 14:00:00,22.38
2019-04-17 15:00:00,23.18
2019-04-17 16:00:00,28.13
2019-04-17 17:00:00,27.31
2019-04-17 18:00:00,23.99
2019-04-17 19:00:00,23.36
2019-04-17 20:00:00,25.09
2019-04-17 21:00:00,29.83
2019-04-17 22:00:00,22.41
2019-04-17 23:00:00,24.16
2019-04-18 00:00:00,18.12
2019-04-18 01:00:00,18.13
2019-04-18 02:00:00,16.25
2019-04-18 03:00:00,11.95
2019-04-18 04:00:00,11.0
2019-04-18 05:00:00,11.45
2019-04-18 06:00:00,19.0
2019-04-18 07:00:00,19.14
2019-04-18 08:00:00,18.0
2019-04-18 09:00:00,16.76
2019-04-18 10:00:00,18.33
2019-04-18 11:00:00,20.38
2019-04-18 12:00:00,19.49
2019-04-18 13:00:00,19.0
2019-04-18 14:00:00,21.0
2019-04-18 15:00:00,21.03
2019-04-18 16:00:00,20.46
2019-04-18 17:00:00,21.18
2019-04-18 18:00:00,20.98
2019-04-18 19:00:00,21.97
2019-04-18 20:00:00,25.11
2019-04-18 21:00:00,35.5
2019-04-18 22:00:00,25.74
2019-04-18 23:00:00,23.12
2019-04-19 00:00:00,20.52
2019-04-19 01:00:00,16.64
2019-04-19 02:00:00,15.58
2019-04-19 03:00:00,14.72
2019-04-19 04:00:00,15.55
2019-04-19 05:00:00,16.4
2019-04-19 06:00:00,18.14
2019-04-19 07:00:00,23.25
2019-04-19 08:00:00,22.05
2019-04-19 09:00:00,20.95
2019-04-19 10:00:00,20.64
2019-04-19 11:00:00,20.69
2019-04-19 12:00:00,21.56
2019-04-19 13:00:00,21.48
2019-04-19 14:00:00,22.52
2019-04-19 15:00:00,22.71
2019-04-19 16:00:00,23.45
2019-04-19 17:00:00,31.26
2019-04-19 18:00:00,35.02
2019-04-19 19:00:00,33.0
2019-04-19 20:00:00,34.06
2019-04-19 21:00:00,37.04
2019-04-19 22:00:00,26.05
2019-04-19 23:00:00,21.84
2019-04-20 00:00:00,19.22
2019-04-20 01:00:00,20.44
2019-04-20 02:00:00,17.45
2019-04-20 03:00:00,16.65
2019-04-20 04:00:00,13.81
2019-04-20 05:00:00,12.9
2019-04-20 06:00:00,14.7
2019-04-20 07:00:00,19.37
2019-04-20 08:00:00,17.68
2019-04-20 09:00:00,18.46
2019-04-20 10:00:00,19.14
2019-04-20 11:00:00,19.99
2019-04-20 12:00:00,18.77
2019-04-20 13:00:00,19.03
2019-04-20 14:00:00,16.96
2019-04-20 15:00:00,18.06
2019-04-20 16:00:00,20.34
2019-04-20 17:00:00,23.21
2019-04-20 18:00:00,20.68
2019-04-20 19:00:00,18.53
2019-04-20 20:00:00,18.84
2019-04-20 21:00:00,18.39
2019-04-20 22:00:00,16.55
2019-04-20 23:00:00,13.35
2019-04-21 00:00:00,10.79
2019-04-21 01:00:00,10.08
2019-04-21 02:00:00,9.1
2019-04-21 03:00:00,8.03
2019-04-21 04:00:00,7.63
2019-04-21 05:00:00,7.95
2019-04-21 06:00:00,8.41
2019-04-21 07:00:00,8.0
2019-04-21 08:00:00,8.53
2019-04-21 09:00:00,11.88
2019-04-21 10:00:00,15.0
2019-04-21 11:00:00,13.18
2019-04-21 12:00:00,16.79
2019-04-21 13:00:00,17.95
2019-04-21 14:00:00,18.7
2019-04-21 15:00:00,19.54
2019-04-21 16:00:00,22.55
2019-04-21 17:00:00,24.74
2019-04-21 18:00:00,25.1
2019-04-21 19:00:00,25.35
2019-04-21 20:00:00,25.29
2019-04-21 21:00:00,33.49
2019-04-21 22:00:00,17.95
2019-04-21 23:00:00,16.48
2019-04-22 00:00:00,13.04
2019-04-22 01:00:00,14.46
2019-04-22 02:00:00,10.98
2019-04-22 03:00:00,10.14
2019-04-22 04:00:00,11.14
2019-04-22 05:00:00,12.0
2019-04-22 06:00:00,18.0
2019-04-22 07:00:00,17.4
2019-04-22 08:00:00,19.55
2019-04-22 09:00:00,19.64
2019-04-22 10:00:00,20.44
2019-04-22 11:00:00,20.9
2019-04-22 12:00:00,23.0
2019-04-22 13:00:00,23.72
2019-04-22 14:00:00,27.38
2019-04-22 15:00:00,29.91
2019-04-22 16:00:00,38.17
2019-04-22 17:00:00,50.0
2019-04-22 18:00:00,41.28
2019-04-22 19:00:00,28.61
2019-04-22 20:00:00,27.24
2019-04-22 21:00:00,31.26
2019-04-22 22:00:00,25.37
2019-04-22 23:00:00,22.86
2019-04-23 00:00:00,19.69
2019-04-23 01:00:00,19.63
2019-04-23 02:00:00,17.61
2019-04-23 03:00:00,16.97
2019-04-23 04:00:00,16.46
2019-04-23 05:00:00,16.84
2019-04-23 06:00:00,20.24
2019-04-23 07:00:00,23.34
2019-04-23 08:00:00,22.04
2019-04-23 09:00:00,22.22
2019-04-23 10:00:00,23.78
2019-04-23 11:00:00,24.45
2019-04-23 12:00:00,24.25
2019-04-23 13:00:00,22.88
2019-04-23 14:00:00,25.57
2019-04-23 15:00:00,30.0
2019-04-23 16:00:00,35.32
2019-04-23 17:00:00,43.33
2019-04-23 18:00:00,32.73
2019-04-23 19:00:00,28.78
2019-04-23 20:00:00,28.43
2019-04-23 21:00:00,38.23
2019-04-23 22:00:00,22.68
2019-04-23 23:00:00,22.84
2019-04-24 00:00:00,20.34
2019-04-24 01:00:00,19.56
2019-04-24 02:00:00,18.57
2019-04-24 03:00:00,17.94
2019-04-24 04:00:00,17.84
2019-04-24 05:00:00,18.42
2019-04-24 06:00:00,19.76
2019-04-24 07:00:00,25.53
2019-04-24 08:00:00,24.1
2019-04-24 09:00:00,24.4
2019-04-24 10:00:00,25.03
2019-04-24 11:00:00,22.91
2019-04-24 12:00:00,24.4
2019-04-24 13:00:00,24.84
2019-04-24 14:00:00,27.68
2019-04-24 15:00:00,31.1
2019-04-24 16:00:00,32.55
2019-04-24 17:00:00,37.65
2019-04-24 18:00:00,33.0
2019-04-24 19:00:00,31.1
2019-04-24 20:00:00,34.14
2019-04-24 21:00:00,53.27
2019-04-24 22:00:00,30.47
2019-04-24 23:00:00,30.66
2019-04-25 00:00:00,24.19
2019-04-25 01:00:00,20.78
2019-04-25 02:00:00,19.31
2019-04-25 03:00:00,18.4
2019-04-25 04:00:00,17.52
2019-04-25 05:00:00,17.77
2019-04-25 06:00:00,19.51
2019-04-25 07:00:00,27.5
2019-04-25 08:00:00,26.33
2019-04-25 09:00:00,25.25
2019-04-25 10:00:00,23.0
2019-04-25 11:00:00,25.0
2019-04-25 12:00:00,24.94
2019-04-25 13:00:00,22.0
2019-04-25 14:00:00,27.44
2019-04-25 15:00:00,30.51
2019-04-25 16:00:00,34.92
2019-04-25 17:00:00,51.65
2019-04-25 18:00:00,48.17
2019-04-25 19:00:00,41.52
2019-04-25 20:00:00,36.44
2019-04-25 21:00:00,43.92
2019-04-25 22:00:00,30.0
2019-04-25 23:00:00,26.79
2019-04-26 00:00:00,22.18
2019-04-26 01:00:00,14.76
2019-04-26 02:00:00,14.86
2019-04-26 03:00:00,14.13
2019-04-26 04:00:00,13.67
2019-04-26 05:00:00,14.15
2019-04-26 06:00:00,17.82
2019-04-26 07:00:00,23.25
2019-04-26 08:00:00,22.03
2019-04-26 09:00:00,22.24
2019-04-26 10:00:00,21.5
2019-04-26 11:00:00,21.88
2019-04-26 12:00:00,22.57
2019-04-26 13:00:00,22.68
2019-04-26 14:00:00,27.48
2019-04-26 15:00:00,31.09
2019-04-26 16:00:00,41.42
2019-04-26 17:00:00,42.37
2019-04-26 18:00:00,35.13
2019-04-26 19:00:00,25.23
2019-04-26 20:00:00,22.03
2019-04-26 21:00:00,23.0
2019-04-26 22:00:00,21.77
2019-04-26 23:00:00,17.62
2019-04-27 00:00:00,13.13
2019-04-27 01:00:00,10.45
2019-04-27 02:00:00,10.0
2019-04-27 03:00:00,8.73
2019-04-27 04:00:00,7.88
2019-04-27 05:00:00,9.82
2019-04-27 06:00:00,8.4
2019-04-27 07:00:00,13.26
2019-04-27 08:00:00,13.36
2019-04-27 09:00:00,14.97
2019-04-27 10:00:00,20.0
2019-04-27 11:00:00,20.0
2019-04-27 12:00:00,22.35
2019-04-27 13:00:00,21.84
2019-04-27 14:00:00,24.01
2019-04-27 15:00:00,28.93
2019-04-27 16:00:00,38.59
2019-04-27 17:00:00,51.99
2019-04-27 18:00:00,46.23
2019-04-27 19:00:00,34.12
2019-04-27 20:00:00,25.58
2019-04-27 21:00:00,26.49
2019-04-27 22:00:00,24.43
2019-04-27 23:00:00,22.08
2019-04-28 00:00:00,21.32
2019-04-28 01:00:00,15.973659570602997
2019-04-28 02:00:00,14.10092847455591
2019-04-28 03:00:00,12.11131774844593
2019-04-28 04:00:00,12.23181615678614
2019-04-28 05:00:00,15.918336161253858
2019-04-28 06:00:00,22.12805426544372
2019-04-28 07:00:00,27.762857460918138
2019-04-28 08:00:00,29.99009689414587
2019-04-28 09:00:00,28.36788228163181
2019-04-28 10:00:00,24.90125927728913
2019-04-28 11:00:00,22.118573029845013
2019-04-28 12:00:00,21.060714935508432
2019-04-28 13:00:00,20.99352594277405
2019-04-28 14:00:00,20.844399292416387
2019-04-28 15:00:00,20.67455437860708
2019-04-28 16:00:00,21.597666833547024
2019-04-28 17:00:00,24.278139962832718
2019-04-28 18:00:00,27.6889998046732
2019-04-28 19:00:00,29.58513878444031
2019-04-28 20:00:00,28.377990936329695
2019-04-28 21:00:00,24.596526128676597
2019-04-28 22:00:00,20.44565024591963
2019-04-28 23:00:00,17.838071270982667
2019-04-29 00:00:00,16.8134482292988
2019-04-29 01:00:00,15.898544820496532
2019-04-29 02:00:00,14.025813724499706
2019-04-29 03:00:00,12.036202998419398
2019-04-29 04:00:00,12.156701406761712
2019-04-29 05:00:00,15.843221410965953
2019-04-29 06:00:00,22.052939515176107
2019-04-29 07:00:00,27.687742710742008
2019-04-29 08:00:00,29.914982144077698
2019-04-29 09:00:00,28.29276753164688
2019-04-29 10:00:00,24.826144527280942
2019-04-29 11:00:00,22.043458279786783
2019-04-29 12:00:00,20.985600185448057
2019-04-29 13:00:00,20.91841119269544
2019-04-29 14:00:00,20.76928454234981
2019-04-29 15:00:00,20.599439628548797
2019-04-29 16:00:00,21.52255208350646
2019-04-29 17:00:00,24.20302521282798
2019-04-29 18:00:00,27.61388505469423
2019-04-29 19:00:00,29.51002403442105
2019-04-29 20:00:00,28.302876186198127
2019-04-29 21:00:00,24.521411378532473
2019-04-29 22:00:00,20.370535495799267
2019-04-29 23:00:00,17.762956520894566
2019-04-30 00:00:00,16.73833347918583
